Global_PortID,Logical_PortID,Port_Name,Supported_Port_Profiles,Attached_CoreID,Attached_Core_PortID,Virtual_Device_ID,Port_Type,Scope
1,369,eth1/1/1,38-45-47-51-52-53-57-58-59-60,,,,0,0
2,370,eth1/1/2,47-53-59-60,,,,0,0
3,371,eth1/1/3,47-51-53-58-59-60,,,,0,0
4,372,eth1/1/4,47-53-59-60,,,,0,0
5,373,eth1/1/5,38-45-47-51-52-53-57-58-59-60,,,,0,0
6,374,eth1/1/6,47-53-59-60,,,,0,0
7,375,eth1/1/7,47-51-53-58-59-60,,,,0,0
8,376,eth1/1/8,47-53-59-60,,,,0,0
9,377,eth1/2/1,38-45-47-51-52-53-57-58-59-60,,,,0,0
10,378,eth1/2/2,47-53-59-60,,,,0,0
11,379,eth1/2/3,47-51-53-58-59-60,,,,0,0
12,380,eth1/2/4,47-53-59-60,,,,0,0
13,381,eth1/2/5,38-45-47-51-52-53-57-58-59-60,,,,0,0
14,382,eth1/2/6,47-53-59-60,,,,0,0
15,383,eth1/2/7,47-51-53-58-59-60,,,,0,0
16,384,eth1/2/8,47-53-59-60,,,,0,0
17,353,eth1/3/1,38-45-47-51-52-53-57-58-59-60,,,,0,0
18,354,eth1/3/2,47-53-59-60,,,,0,0
19,355,eth1/3/3,47-51-53-58-59-60,,,,0,0
20,356,eth1/3/4,47-53-59-60,,,,0,0
21,357,eth1/3/5,38-45-47-51-52-53-57-58-59-60,,,,0,0
22,358,eth1/3/6,47-53-59-60,,,,0,0
23,359,eth1/3/7,47-51-53-58-59-60,,,,0,0
24,360,eth1/3/8,47-53-59-60,,,,0,0
25,361,eth1/4/1,38-45-47-51-52-53-57-58-59-60,,,,0,0
26,362,eth1/4/2,47-53-59-60,,,,0,0
27,363,eth1/4/3,47-51-53-58-59-60,,,,0,0
28,364,eth1/4/4,47-53-59-60,,,,0,0
29,365,eth1/4/5,38-45-47-51-52-53-57-58-59-60,,,,0,0
30,366,eth1/4/6,47-53-59-60,,,,0,0
31,367,eth1/4/7,47-51-53-58-59-60,,,,0,0
32,368,eth1/4/8,47-53-59-60,,,,0,0
33,337,eth1/5/1,38-45-47-51-52-53-57-58-59-60,,,,0,0
34,338,eth1/5/2,47-53-59-60,,,,0,0
35,339,eth1/5/3,47-51-53-58-59-60,,,,0,0
36,340,eth1/5/4,47-53-59-60,,,,0,0
37,341,eth1/5/5,38-45-47-51-52-53-57-58-59-60,,,,0,0
38,342,eth1/5/6,47-53-59-60,,,,0,0
39,343,eth1/5/7,47-51-53-58-59-60,,,,0,0
40,344,eth1/5/8,47-53-59-60,,,,0,0
41,345,eth1/6/1,38-45-47-51-52-53-57-58-59-60,,,,0,0
42,346,eth1/6/2,47-53-59-60,,,,0,0
43,347,eth1/6/3,47-51-53-58-59-60,,,,0,0
44,348,eth1/6/4,47-53-59-60,,,,0,0
45,349,eth1/6/5,38-45-47-51-52-53-57-58-59-60,,,,0,0
46,350,eth1/6/6,47-53-59-60,,,,0,0
47,351,eth1/6/7,47-51-53-58-59-60,,,,0,0
48,352,eth1/6/8,47-53-59-60,,,,0,0
49,321,eth1/7/1,38-45-47-51-52-53-57-58-59-60,,,,0,0
50,322,eth1/7/2,47-53-59-60,,,,0,0
51,323,eth1/7/3,47-51-53-58-59-60,,,,0,0
52,324,eth1/7/4,47-53-59-60,,,,0,0
53,325,eth1/7/5,38-45-47-51-52-53-57-58-59-60,,,,0,0
54,326,eth1/7/6,47-53-59-60,,,,0,0
55,327,eth1/7/7,47-51-53-58-59-60,,,,0,0
56,328,eth1/7/8,47-53-59-60,,,,0,0
57,329,eth1/8/1,38-45-47-51-52-53-57-58-59-60,,,,0,0
58,330,eth1/8/2,47-53-59-60,,,,0,0
59,331,eth1/8/3,47-51-53-58-59-60,,,,0,0
60,332,eth1/8/4,47-53-59-60,,,,0,0
61,333,eth1/8/5,38-45-47-51-52-53-57-58-59-60,,,,0,0
62,334,eth1/8/6,47-53-59-60,,,,0,0
63,335,eth1/8/7,47-51-53-58-59-60,,,,0,0
64,336,eth1/8/8,47-53-59-60,,,,0,0
65,505,eth1/9/1,38-45-47-51-52-53-57-58-59-60,,,,0,0
66,506,eth1/9/2,47-53-59-60,,,,0,0
67,507,eth1/9/3,47-51-53-58-59-60,,,,0,0
68,508,eth1/9/4,47-53-59-60,,,,0,0
69,509,eth1/9/5,38-45-47-51-52-53-57-58-59-60,,,,0,0
70,510,eth1/9/6,47-53-59-60,,,,0,0
71,511,eth1/9/7,47-51-53-58-59-60,,,,0,0
72,512,eth1/9/8,47-53-59-60,,,,0,0
73,481,eth1/10/1,38-45-47-51-52-53-57-58-59-60,,,,0,0
74,482,eth1/10/2,47-53-59-60,,,,0,0
75,483,eth1/10/3,47-51-53-58-59-60,,,,0,0
76,484,eth1/10/4,47-53-59-60,,,,0,0
77,485,eth1/10/5,38-45-47-51-52-53-57-58-59-60,,,,0,0
78,486,eth1/10/6,47-53-59-60,,,,0,0
79,487,eth1/10/7,47-51-53-58-59-60,,,,0,0
80,488,eth1/10/8,47-53-59-60,,,,0,0
81,489,eth1/11/1,38-45-47-51-52-53-57-58-59-60,,,,0,0
82,490,eth1/11/2,47-53-59-60,,,,0,0
83,491,eth1/11/3,47-51-53-58-59-60,,,,0,0
84,492,eth1/11/4,47-53-59-60,,,,0,0
85,493,eth1/11/5,38-45-47-51-52-53-57-58-59-60,,,,0,0
86,494,eth1/11/6,47-53-59-60,,,,0,0
87,495,eth1/11/7,47-51-53-58-59-60,,,,0,0
88,496,eth1/11/8,47-53-59-60,,,,0,0
89,497,eth1/12/1,38-45-47-51-52-53-57-58-59-60,,,,0,0
90,498,eth1/12/2,47-53-59-60,,,,0,0
91,499,eth1/12/3,47-51-53-58-59-60,,,,0,0
92,500,eth1/12/4,47-53-59-60,,,,0,0
93,501,eth1/12/5,38-45-47-51-52-53-57-58-59-60,,,,0,0
94,502,eth1/12/6,47-53-59-60,,,,0,0
95,503,eth1/12/7,47-51-53-58-59-60,,,,0,0
96,504,eth1/12/8,47-53-59-60,,,,0,0
97,473,eth1/13/1,38-45-47-51-52-53-57-58-59-60,,,,0,0
98,474,eth1/13/2,47-53-59-60,,,,0,0
99,475,eth1/13/3,47-51-53-58-59-60,,,,0,0
100,476,eth1/13/4,47-53-59-60,,,,0,0
101,477,eth1/13/5,38-45-47-51-52-53-57-58-59-60,,,,0,0
102,478,eth1/13/6,47-53-59-60,,,,0,0
103,479,eth1/13/7,47-51-53-58-59-60,,,,0,0
104,480,eth1/13/8,47-53-59-60,,,,0,0
105,449,eth1/14/1,38-45-47-51-52-53-57-58-59-60,,,,0,0
106,450,eth1/14/2,47-53-59-60,,,,0,0
107,451,eth1/14/3,47-51-53-58-59-60,,,,0,0
108,452,eth1/14/4,47-53-59-60,,,,0,0
109,453,eth1/14/5,38-45-47-51-52-53-57-58-59-60,,,,0,0
110,454,eth1/14/6,47-53-59-60,,,,0,0
111,455,eth1/14/7,47-51-53-58-59-60,,,,0,0
112,456,eth1/14/8,47-53-59-60,,,,0,0
113,457,eth1/15/1,38-45-47-51-52-53-57-58-59-60,,,,0,0
114,458,eth1/15/2,47-53-59-60,,,,0,0
115,459,eth1/15/3,47-51-53-58-59-60,,,,0,0
116,460,eth1/15/4,47-53-59-60,,,,0,0
117,461,eth1/15/5,38-45-47-51-52-53-57-58-59-60,,,,0,0
118,462,eth1/15/6,47-53-59-60,,,,0,0
119,463,eth1/15/7,47-51-53-58-59-60,,,,0,0
120,464,eth1/15/8,47-53-59-60,,,,0,0
121,465,eth1/16/1,38-45-47-51-52-53-57-58-59-60,,,,0,0
122,466,eth1/16/2,47-53-59-60,,,,0,0
123,467,eth1/16/3,47-51-53-58-59-60,,,,0,0
124,468,eth1/16/4,47-53-59-60,,,,0,0
125,469,eth1/16/5,38-45-47-51-52-53-57-58-59-60,,,,0,0
126,470,eth1/16/6,47-53-59-60,,,,0,0
127,471,eth1/16/7,47-51-53-58-59-60,,,,0,0
128,472,eth1/16/8,47-53-59-60,,,,0,0
129,441,eth1/17/1,38-45-47-51-52-53-57-58-59-60,,,,0,0
130,442,eth1/17/2,47-53-59-60,,,,0,0
131,443,eth1/17/3,47-51-53-58-59-60,,,,0,0
132,444,eth1/17/4,47-53-59-60,,,,0,0
133,445,eth1/17/5,38-45-47-51-52-53-57-58-59-60,,,,0,0
134,446,eth1/17/6,47-53-59-60,,,,0,0
135,447,eth1/17/7,47-51-53-58-59-60,,,,0,0
136,448,eth1/17/8,47-53-59-60,,,,0,0
137,417,eth1/18/1,38-45-47-51-52-53-57-58-59-60,,,,0,0
138,418,eth1/18/2,47-53-59-60,,,,0,0
139,419,eth1/18/3,47-51-53-58-59-60,,,,0,0
140,420,eth1/18/4,47-53-59-60,,,,0,0
141,421,eth1/18/5,38-45-47-51-52-53-57-58-59-60,,,,0,0
142,422,eth1/18/6,47-53-59-60,,,,0,0
143,423,eth1/18/7,47-51-53-58-59-60,,,,0,0
144,424,eth1/18/8,47-53-59-60,,,,0,0
145,425,eth1/19/1,38-45-47-51-52-53-57-58-59-60,,,,0,0
146,426,eth1/19/2,47-53-59-60,,,,0,0
147,427,eth1/19/3,47-51-53-58-59-60,,,,0,0
148,428,eth1/19/4,47-53-59-60,,,,0,0
149,429,eth1/19/5,38-45-47-51-52-53-57-58-59-60,,,,0,0
150,430,eth1/19/6,47-53-59-60,,,,0,0
151,431,eth1/19/7,47-51-53-58-59-60,,,,0,0
152,432,eth1/19/8,47-53-59-60,,,,0,0
153,433,eth1/20/1,38-45-47-51-52-53-57-58-59-60,,,,0,0
154,434,eth1/20/2,47-53-59-60,,,,0,0
155,435,eth1/20/3,47-51-53-58-59-60,,,,0,0
156,436,eth1/20/4,47-53-59-60,,,,0,0
157,437,eth1/20/5,38-45-47-51-52-53-57-58-59-60,,,,0,0
158,438,eth1/20/6,47-53-59-60,,,,0,0
159,439,eth1/20/7,47-51-53-58-59-60,,,,0,0
160,440,eth1/20/8,47-53-59-60,,,,0,0
161,409,eth1/21/1,38-45-47-51-52-53-57-58-59-60,,,,0,0
162,410,eth1/21/2,47-53-59-60,,,,0,0
163,411,eth1/21/3,47-51-53-58-59-60,,,,0,0
164,412,eth1/21/4,47-53-59-60,,,,0,0
165,413,eth1/21/5,38-45-47-51-52-53-57-58-59-60,,,,0,0
166,414,eth1/21/6,47-53-59-60,,,,0,0
167,415,eth1/21/7,47-51-53-58-59-60,,,,0,0
168,416,eth1/21/8,47-53-59-60,,,,0,0
169,385,eth1/22/1,38-45-47-51-52-53-57-58-59-60,,,,0,0
170,386,eth1/22/2,47-53-59-60,,,,0,0
171,387,eth1/22/3,47-51-53-58-59-60,,,,0,0
172,388,eth1/22/4,47-53-59-60,,,,0,0
173,389,eth1/22/5,38-45-47-51-52-53-57-58-59-60,,,,0,0
174,390,eth1/22/6,47-53-59-60,,,,0,0
175,391,eth1/22/7,47-51-53-58-59-60,,,,0,0
176,392,eth1/22/8,47-53-59-60,,,,0,0
177,393,eth1/23/1,38-45-47-51-52-53-57-58-59-60,,,,0,0
178,394,eth1/23/2,47-53-59-60,,,,0,0
179,395,eth1/23/3,47-51-53-58-59-60,,,,0,0
180,396,eth1/23/4,47-53-59-60,,,,0,0
181,397,eth1/23/5,38-45-47-51-52-53-57-58-59-60,,,,0,0
182,398,eth1/23/6,47-53-59-60,,,,0,0
183,399,eth1/23/7,47-51-53-58-59-60,,,,0,0
184,400,eth1/23/8,47-53-59-60,,,,0,0
185,401,eth1/24/1,38-45-47-51-52-53-57-58-59-60,,,,0,0
186,402,eth1/24/2,47-53-59-60,,,,0,0
187,403,eth1/24/3,47-51-53-58-59-60,,,,0,0
188,404,eth1/24/4,47-53-59-60,,,,0,0
189,405,eth1/24/5,38-45-47-51-52-53-57-58-59-60,,,,0,0
190,406,eth1/24/6,47-53-59-60,,,,0,0
191,407,eth1/24/7,47-51-53-58-59-60,,,,0,0
192,408,eth1/24/8,47-53-59-60,,,,0,0
193,313,eth1/25/1,38-45-47-51-52-53-57-58-59-60,,,,0,0
194,314,eth1/25/2,47-53-59-60,,,,0,0
195,315,eth1/25/3,47-51-53-58-59-60,,,,0,0
196,316,eth1/25/4,47-53-59-60,,,,0,0
197,317,eth1/25/5,38-45-47-51-52-53-57-58-59-60,,,,0,0
198,318,eth1/25/6,47-53-59-60,,,,0,0
199,319,eth1/25/7,47-51-53-58-59-60,,,,0,0
200,320,eth1/25/8,47-53-59-60,,,,0,0
201,289,eth1/26/1,38-45-47-51-52-53-57-58-59-60,,,,0,0
202,290,eth1/26/2,47-53-59-60,,,,0,0
203,291,eth1/26/3,47-51-53-58-59-60,,,,0,0
204,292,eth1/26/4,47-53-59-60,,,,0,0
205,293,eth1/26/5,38-45-47-51-52-53-57-58-59-60,,,,0,0
206,294,eth1/26/6,47-53-59-60,,,,0,0
207,295,eth1/26/7,47-51-53-58-59-60,,,,0,0
208,296,eth1/26/8,47-53-59-60,,,,0,0
209,297,eth1/27/1,38-45-47-51-52-53-57-58-59-60,,,,0,0
210,298,eth1/27/2,47-53-59-60,,,,0,0
211,299,eth1/27/3,47-51-53-58-59-60,,,,0,0
212,300,eth1/27/4,47-53-59-60,,,,0,0
213,301,eth1/27/5,38-45-47-51-52-53-57-58-59-60,,,,0,0
214,302,eth1/27/6,47-53-59-60,,,,0,0
215,303,eth1/27/7,47-51-53-58-59-60,,,,0,0
216,304,eth1/27/8,47-53-59-60,,,,0,0
217,305,eth1/28/1,38-45-47-51-52-53-57-58-59-60,,,,0,0
218,306,eth1/28/2,47-53-59-60,,,,0,0
219,307,eth1/28/3,47-51-53-58-59-60,,,,0,0
220,308,eth1/28/4,47-53-59-60,,,,0,0
221,309,eth1/28/5,38-45-47-51-52-53-57-58-59-60,,,,0,0
222,310,eth1/28/6,47-53-59-60,,,,0,0
223,311,eth1/28/7,47-51-53-58-59-60,,,,0,0
224,312,eth1/28/8,47-53-59-60,,,,0,0
225,281,eth1/29/1,38-45-47-51-52-53-57-58-59-60,,,,0,0
226,282,eth1/29/2,47-53-59-60,,,,0,0
227,283,eth1/29/3,47-51-53-58-59-60,,,,0,0
228,284,eth1/29/4,47-53-59-60,,,,0,0
229,285,eth1/29/5,38-45-47-51-52-53-57-58-59-60,,,,0,0
230,286,eth1/29/6,47-53-59-60,,,,0,0
231,287,eth1/29/7,47-51-53-58-59-60,,,,0,0
232,288,eth1/29/8,47-53-59-60,,,,0,0
233,257,eth1/30/1,38-45-47-51-52-53-57-58-59-60,,,,0,0
234,258,eth1/30/2,47-53-59-60,,,,0,0
235,259,eth1/30/3,47-51-53-58-59-60,,,,0,0
236,260,eth1/30/4,47-53-59-60,,,,0,0
237,261,eth1/30/5,38-45-47-51-52-53-57-58-59-60,,,,0,0
238,262,eth1/30/6,47-53-59-60,,,,0,0
239,263,eth1/30/7,47-51-53-58-59-60,,,,0,0
240,264,eth1/30/8,47-53-59-60,,,,0,0
241,265,eth1/31/1,38-45-47-51-52-53-57-58-59-60,,,,0,0
242,266,eth1/31/2,47-53-59-60,,,,0,0
243,267,eth1/31/3,47-51-53-58-59-60,,,,0,0
244,268,eth1/31/4,47-53-59-60,,,,0,0
245,269,eth1/31/5,38-45-47-51-52-53-57-58-59-60,,,,0,0
246,270,eth1/31/6,47-53-59-60,,,,0,0
247,271,eth1/31/7,47-51-53-58-59-60,,,,0,0
248,272,eth1/31/8,47-53-59-60,,,,0,0
249,273,eth1/32/1,38-45-47-51-52-53-57-58-59-60,,,,0,0
250,274,eth1/32/2,47-53-59-60,,,,0,0
251,275,eth1/32/3,47-51-53-58-59-60,,,,0,0
252,276,eth1/32/4,47-53-59-60,,,,0,0
253,277,eth1/32/5,38-45-47-51-52-53-57-58-59-60,,,,0,0
254,278,eth1/32/6,47-53-59-60,,,,0,0
255,279,eth1/32/7,47-51-53-58-59-60,,,,0,0
256,280,eth1/32/8,47-53-59-60,,,,0,0
257,25,eth1/33/1,38-45-47-51-52-53-57-58-59-60,,,,0,0
258,26,eth1/33/2,47-53-59-60,,,,0,0
259,27,eth1/33/3,47-51-53-58-59-60,,,,0,0
260,28,eth1/33/4,47-53-59-60,,,,0,0
261,29,eth1/33/5,38-45-47-51-52-53-57-58-59-60,,,,0,0
262,30,eth1/33/6,47-53-59-60,,,,0,0
263,31,eth1/33/7,47-51-53-58-59-60,,,,0,0
264,32,eth1/33/8,47-53-59-60,,,,0,0
265,1,eth1/34/1,38-45-47-51-52-53-57-58-59-60,,,,0,0
266,2,eth1/34/2,47-53-59-60,,,,0,0
267,3,eth1/34/3,47-51-53-58-59-60,,,,0,0
268,4,eth1/34/4,47-53-59-60,,,,0,0
269,5,eth1/34/5,38-45-47-51-52-53-57-58-59-60,,,,0,0
270,6,eth1/34/6,47-53-59-60,,,,0,0
271,7,eth1/34/7,47-51-53-58-59-60,,,,0,0
272,8,eth1/34/8,47-53-59-60,,,,0,0
273,9,eth1/35/1,38-45-47-51-52-53-57-58-59-60,,,,0,0
274,10,eth1/35/2,47-53-59-60,,,,0,0
275,11,eth1/35/3,47-51-53-58-59-60,,,,0,0
276,12,eth1/35/4,47-53-59-60,,,,0,0
277,13,eth1/35/5,38-45-47-51-52-53-57-58-59-60,,,,0,0
278,14,eth1/35/6,47-53-59-60,,,,0,0
279,15,eth1/35/7,47-51-53-58-59-60,,,,0,0
280,16,eth1/35/8,47-53-59-60,,,,0,0
281,17,eth1/36/1,38-45-47-51-52-53-57-58-59-60,,,,0,0
282,18,eth1/36/2,47-53-59-60,,,,0,0
283,19,eth1/36/3,47-51-53-58-59-60,,,,0,0
284,20,eth1/36/4,47-53-59-60,,,,0,0
285,21,eth1/36/5,38-45-47-51-52-53-57-58-59-60,,,,0,0
286,22,eth1/36/6,47-53-59-60,,,,0,0
287,23,eth1/36/7,47-51-53-58-59-60,,,,0,0
288,24,eth1/36/8,47-53-59-60,,,,0,0
289,57,eth1/37/1,38-45-47-51-52-53-57-58-59-60,,,,0,0
290,58,eth1/37/2,47-53-59-60,,,,0,0
291,59,eth1/37/3,47-51-53-58-59-60,,,,0,0
292,60,eth1/37/4,47-53-59-60,,,,0,0
293,61,eth1/37/5,38-45-47-51-52-53-57-58-59-60,,,,0,0
294,62,eth1/37/6,47-53-59-60,,,,0,0
295,63,eth1/37/7,47-51-53-58-59-60,,,,0,0
296,64,eth1/37/8,47-53-59-60,,,,0,0
297,33,eth1/38/1,38-45-47-51-52-53-57-58-59-60,,,,0,0
298,34,eth1/38/2,47-53-59-60,,,,0,0
299,35,eth1/38/3,47-51-53-58-59-60,,,,0,0
300,36,eth1/38/4,47-53-59-60,,,,0,0
301,37,eth1/38/5,38-45-47-51-52-53-57-58-59-60,,,,0,0
302,38,eth1/38/6,47-53-59-60,,,,0,0
303,39,eth1/38/7,47-51-53-58-59-60,,,,0,0
304,40,eth1/38/8,47-53-59-60,,,,0,0
305,41,eth1/39/1,38-45-47-51-52-53-57-58-59-60,,,,0,0
306,42,eth1/39/2,47-53-59-60,,,,0,0
307,43,eth1/39/3,47-51-53-58-59-60,,,,0,0
308,44,eth1/39/4,47-53-59-60,,,,0,0
309,45,eth1/39/5,38-45-47-51-52-53-57-58-59-60,,,,0,0
310,46,eth1/39/6,47-53-59-60,,,,0,0
311,47,eth1/39/7,47-51-53-58-59-60,,,,0,0
312,48,eth1/39/8,47-53-59-60,,,,0,0
313,49,eth1/40/1,38-45-47-51-52-53-57-58-59-60,,,,0,0
314,50,eth1/40/2,47-53-59-60,,,,0,0
315,51,eth1/40/3,47-51-53-58-59-60,,,,0,0
316,52,eth1/40/4,47-53-59-60,,,,0,0
317,53,eth1/40/5,38-45-47-51-52-53-57-58-59-60,,,,0,0
318,54,eth1/40/6,47-53-59-60,,,,0,0
319,55,eth1/40/7,47-51-53-58-59-60,,,,0,0
320,56,eth1/40/8,47-53-59-60,,,,0,0
321,153,eth1/41/1,38-45-47-51-52-53-57-58-59-60,,,,0,0
322,154,eth1/41/2,47-53-59-60,,,,0,0
323,155,eth1/41/3,47-51-53-58-59-60,,,,0,0
324,156,eth1/41/4,47-53-59-60,,,,0,0
325,157,eth1/41/5,38-45-47-51-52-53-57-58-59-60,,,,0,0
326,158,eth1/41/6,47-53-59-60,,,,0,0
327,159,eth1/41/7,47-51-53-58-59-60,,,,0,0
328,160,eth1/41/8,47-53-59-60,,,,0,0
329,129,eth1/42/1,38-45-47-51-52-53-57-58-59-60,,,,0,0
330,130,eth1/42/2,47-53-59-60,,,,0,0
331,131,eth1/42/3,47-51-53-58-59-60,,,,0,0
332,132,eth1/42/4,47-53-59-60,,,,0,0
333,133,eth1/42/5,38-45-47-51-52-53-57-58-59-60,,,,0,0
334,134,eth1/42/6,47-53-59-60,,,,0,0
335,135,eth1/42/7,47-51-53-58-59-60,,,,0,0
336,136,eth1/42/8,47-53-59-60,,,,0,0
337,137,eth1/43/1,38-45-47-51-52-53-57-58-59-60,,,,0,0
338,138,eth1/43/2,47-53-59-60,,,,0,0
339,139,eth1/43/3,47-51-53-58-59-60,,,,0,0
340,140,eth1/43/4,47-53-59-60,,,,0,0
341,141,eth1/43/5,38-45-47-51-52-53-57-58-59-60,,,,0,0
342,142,eth1/43/6,47-53-59-60,,,,0,0
343,143,eth1/43/7,47-51-53-58-59-60,,,,0,0
344,144,eth1/43/8,47-53-59-60,,,,0,0
345,145,eth1/44/1,38-45-47-51-52-53-57-58-59-60,,,,0,0
346,146,eth1/44/2,47-53-59-60,,,,0,0
347,147,eth1/44/3,47-51-53-58-59-60,,,,0,0
348,148,eth1/44/4,47-53-59-60,,,,0,0
349,149,eth1/44/5,38-45-47-51-52-53-57-58-59-60,,,,0,0
350,150,eth1/44/6,47-53-59-60,,,,0,0
351,151,eth1/44/7,47-51-53-58-59-60,,,,0,0
352,152,eth1/44/8,47-53-59-60,,,,0,0
353,185,eth1/45/1,38-45-47-51-52-53-57-58-59-60,,,,0,0
354,186,eth1/45/2,47-53-59-60,,,,0,0
355,187,eth1/45/3,47-51-53-58-59-60,,,,0,0
356,188,eth1/45/4,47-53-59-60,,,,0,0
357,189,eth1/45/5,38-45-47-51-52-53-57-58-59-60,,,,0,0
358,190,eth1/45/6,47-53-59-60,,,,0,0
359,191,eth1/45/7,47-51-53-58-59-60,,,,0,0
360,192,eth1/45/8,47-53-59-60,,,,0,0
361,161,eth1/46/1,38-45-47-51-52-53-57-58-59-60,,,,0,0
362,162,eth1/46/2,47-53-59-60,,,,0,0
363,163,eth1/46/3,47-51-53-58-59-60,,,,0,0
364,164,eth1/46/4,47-53-59-60,,,,0,0
365,165,eth1/46/5,38-45-47-51-52-53-57-58-59-60,,,,0,0
366,166,eth1/46/6,47-53-59-60,,,,0,0
367,167,eth1/46/7,47-51-53-58-59-60,,,,0,0
368,168,eth1/46/8,47-53-59-60,,,,0,0
369,169,eth1/47/1,38-45-47-51-52-53-57-58-59-60,,,,0,0
370,170,eth1/47/2,47-53-59-60,,,,0,0
371,171,eth1/47/3,47-51-53-58-59-60,,,,0,0
372,172,eth1/47/4,47-53-59-60,,,,0,0
373,173,eth1/47/5,38-45-47-51-52-53-57-58-59-60,,,,0,0
374,174,eth1/47/6,47-53-59-60,,,,0,0
375,175,eth1/47/7,47-51-53-58-59-60,,,,0,0
376,176,eth1/47/8,47-53-59-60,,,,0,0
377,177,eth1/48/1,38-45-47-51-52-53-57-58-59-60,,,,0,0
378,178,eth1/48/2,47-53-59-60,,,,0,0
379,179,eth1/48/3,47-51-53-58-59-60,,,,0,0
380,180,eth1/48/4,47-53-59-60,,,,0,0
381,181,eth1/48/5,38-45-47-51-52-53-57-58-59-60,,,,0,0
382,182,eth1/48/6,47-53-59-60,,,,0,0
383,183,eth1/48/7,47-51-53-58-59-60,,,,0,0
384,184,eth1/48/8,47-53-59-60,,,,0,0
385,217,eth1/49/1,38-45-47-51-52-53-57-58-59-60,,,,0,0
386,218,eth1/49/2,47-53-59-60,,,,0,0
387,219,eth1/49/3,47-51-53-58-59-60,,,,0,0
388,220,eth1/49/4,47-53-59-60,,,,0,0
389,221,eth1/49/5,38-45-47-51-52-53-57-58-59-60,,,,0,0
390,222,eth1/49/6,47-53-59-60,,,,0,0
391,223,eth1/49/7,47-51-53-58-59-60,,,,0,0
392,224,eth1/49/8,47-53-59-60,,,,0,0
393,193,eth1/50/1,38-45-47-51-52-53-57-58-59-60,,,,0,0
394,194,eth1/50/2,47-53-59-60,,,,0,0
395,195,eth1/50/3,47-51-53-58-59-60,,,,0,0
396,196,eth1/50/4,47-53-59-60,,,,0,0
397,197,eth1/50/5,38-45-47-51-52-53-57-58-59-60,,,,0,0
398,198,eth1/50/6,47-53-59-60,,,,0,0
399,199,eth1/50/7,47-51-53-58-59-60,,,,0,0
400,200,eth1/50/8,47-53-59-60,,,,0,0
401,201,eth1/51/1,38-45-47-51-52-53-57-58-59-60,,,,0,0
402,202,eth1/51/2,47-53-59-60,,,,0,0
403,203,eth1/51/3,47-51-53-58-59-60,,,,0,0
404,204,eth1/51/4,47-53-59-60,,,,0,0
405,205,eth1/51/5,38-45-47-51-52-53-57-58-59-60,,,,0,0
406,206,eth1/51/6,47-53-59-60,,,,0,0
407,207,eth1/51/7,47-51-53-58-59-60,,,,0,0
408,208,eth1/51/8,47-53-59-60,,,,0,0
409,209,eth1/52/1,38-45-47-51-52-53-57-58-59-60,,,,0,0
410,210,eth1/52/2,47-53-59-60,,,,0,0
411,211,eth1/52/3,47-51-53-58-59-60,,,,0,0
412,212,eth1/52/4,47-53-59-60,,,,0,0
413,213,eth1/52/5,38-45-47-51-52-53-57-58-59-60,,,,0,0
414,214,eth1/52/6,47-53-59-60,,,,0,0
415,215,eth1/52/7,47-51-53-58-59-60,,,,0,0
416,216,eth1/52/8,47-53-59-60,,,,0,0
417,249,eth1/53/1,38-45-47-51-52-53-57-58-59-60,,,,0,0
418,250,eth1/53/2,47-53-59-60,,,,0,0
419,251,eth1/53/3,47-51-53-58-59-60,,,,0,0
420,252,eth1/53/4,47-53-59-60,,,,0,0
421,253,eth1/53/5,38-45-47-51-52-53-57-58-59-60,,,,0,0
422,254,eth1/53/6,47-53-59-60,,,,0,0
423,255,eth1/53/7,47-51-53-58-59-60,,,,0,0
424,256,eth1/53/8,47-53-59-60,,,,0,0
425,225,eth1/54/1,38-45-47-51-52-53-57-58-59-60,,,,0,0
426,226,eth1/54/2,47-53-59-60,,,,0,0
427,227,eth1/54/3,47-51-53-58-59-60,,,,0,0
428,228,eth1/54/4,47-53-59-60,,,,0,0
429,229,eth1/54/5,38-45-47-51-52-53-57-58-59-60,,,,0,0
430,230,eth1/54/6,47-53-59-60,,,,0,0
431,231,eth1/54/7,47-51-53-58-59-60,,,,0,0
432,232,eth1/54/8,47-53-59-60,,,,0,0
433,233,eth1/55/1,38-45-47-51-52-53-57-58-59-60,,,,0,0
434,234,eth1/55/2,47-53-59-60,,,,0,0
435,235,eth1/55/3,47-51-53-58-59-60,,,,0,0
436,236,eth1/55/4,47-53-59-60,,,,0,0
437,237,eth1/55/5,38-45-47-51-52-53-57-58-59-60,,,,0,0
438,238,eth1/55/6,47-53-59-60,,,,0,0
439,239,eth1/55/7,47-51-53-58-59-60,,,,0,0
440,240,eth1/55/8,47-53-59-60,,,,0,0
441,241,eth1/56/1,38-45-47-51-52-53-57-58-59-60,,,,0,0
442,242,eth1/56/2,47-53-59-60,,,,0,0
443,243,eth1/56/3,47-51-53-58-59-60,,,,0,0
444,244,eth1/56/4,47-53-59-60,,,,0,0
445,245,eth1/56/5,38-45-47-51-52-53-57-58-59-60,,,,0,0
446,246,eth1/56/6,47-53-59-60,,,,0,0
447,247,eth1/56/7,47-51-53-58-59-60,,,,0,0
448,248,eth1/56/8,47-53-59-60,,,,0,0
449,81,eth1/57/1,38-45-47-51-52-53-57-58-59-60,,,,0,0
450,82,eth1/57/2,47-53-59-60,,,,0,0
451,83,eth1/57/3,47-51-53-58-59-60,,,,0,0
452,84,eth1/57/4,47-53-59-60,,,,0,0
453,85,eth1/57/5,38-45-47-51-52-53-57-58-59-60,,,,0,0
454,86,eth1/57/6,47-53-59-60,,,,0,0
455,87,eth1/57/7,47-51-53-58-59-60,,,,0,0
456,88,eth1/57/8,47-53-59-60,,,,0,0
457,89,eth1/58/1,38-45-47-51-52-53-57-58-59-60,,,,0,0
458,90,eth1/58/2,47-53-59-60,,,,0,0
459,91,eth1/58/3,47-51-53-58-59-60,,,,0,0
460,92,eth1/58/4,47-53-59-60,,,,0,0
461,93,eth1/58/5,38-45-47-51-52-53-57-58-59-60,,,,0,0
462,94,eth1/58/6,47-53-59-60,,,,0,0
463,95,eth1/58/7,47-51-53-58-59-60,,,,0,0
464,96,eth1/58/8,47-53-59-60,,,,0,0
465,65,eth1/59/1,38-45-47-51-52-53-57-58-59-60,,,,0,0
466,66,eth1/59/2,47-53-59-60,,,,0,0
467,67,eth1/59/3,47-51-53-58-59-60,,,,0,0
468,68,eth1/59/4,47-53-59-60,,,,0,0
469,69,eth1/59/5,38-45-47-51-52-53-57-58-59-60,,,,0,0
470,70,eth1/59/6,47-53-59-60,,,,0,0
471,71,eth1/59/7,47-51-53-58-59-60,,,,0,0
472,72,eth1/59/8,47-53-59-60,,,,0,0
473,73,eth1/60/1,38-45-47-51-52-53-57-58-59-60,,,,0,0
474,74,eth1/60/2,47-53-59-60,,,,0,0
475,75,eth1/60/3,47-51-53-58-59-60,,,,0,0
476,76,eth1/60/4,47-53-59-60,,,,0,0
477,77,eth1/60/5,38-45-47-51-52-53-57-58-59-60,,,,0,0
478,78,eth1/60/6,47-53-59-60,,,,0,0
479,79,eth1/60/7,47-51-53-58-59-60,,,,0,0
480,80,eth1/60/8,47-53-59-60,,,,0,0
481,113,eth1/61/1,38-45-47-51-52-53-57-58-59-60,,,,0,0
482,114,eth1/61/2,47-53-59-60,,,,0,0
483,115,eth1/61/3,47-51-53-58-59-60,,,,0,0
484,116,eth1/61/4,47-53-59-60,,,,0,0
485,117,eth1/61/5,38-45-47-51-52-53-57-58-59-60,,,,0,0
486,118,eth1/61/6,47-53-59-60,,,,0,0
487,119,eth1/61/7,47-51-53-58-59-60,,,,0,0
488,120,eth1/61/8,47-53-59-60,,,,0,0
489,121,eth1/62/1,38-45-47-51-52-53-57-58-59-60,,,,0,0
490,122,eth1/62/2,47-53-59-60,,,,0,0
491,123,eth1/62/3,47-51-53-58-59-60,,,,0,0
492,124,eth1/62/4,47-53-59-60,,,,0,0
493,125,eth1/62/5,38-45-47-51-52-53-57-58-59-60,,,,0,0
494,126,eth1/62/6,47-53-59-60,,,,0,0
495,127,eth1/62/7,47-51-53-58-59-60,,,,0,0
496,128,eth1/62/8,47-53-59-60,,,,0,0
497,97,eth1/63/1,38-45-47-51-52-53-57-58-59-60,,,,0,0
498,98,eth1/63/2,47-53-59-60,,,,0,0
499,99,eth1/63/3,47-51-53-58-59-60,,,,0,0
500,100,eth1/63/4,47-53-59-60,,,,0,0
501,101,eth1/63/5,38-45-47-51-52-53-57-58-59-60,,,,0,0
502,102,eth1/63/6,47-53-59-60,,,,0,0
503,103,eth1/63/7,47-51-53-58-59-60,,,,0,0
504,104,eth1/63/8,47-53-59-60,,,,0,0
505,105,eth1/64/1,38-45-47-51-52-53-57-58-59-60,,,,0,0
506,106,eth1/64/2,47-53-59-60,,,,0,0
507,107,eth1/64/3,47-51-53-58-59-60,,,,0,0
508,108,eth1/64/4,47-53-59-60,,,,0,0
509,109,eth1/64/5,38-45-47-51-52-53-57-58-59-60,,,,0,0
510,110,eth1/64/6,47-53-59-60,,,,0,0
511,111,eth1/64/7,47-51-53-58-59-60,,,,0,0
512,112,eth1/64/8,47-53-59-60,,,,0,0
513,513,eth1/65/1,22-32,,,,4,0
