A_SLOT_ID,A_CHIP_ID,A_CHIP_TYPE,A_CORE_ID,A_CORE_TYPE,A_CORE_LANE,A_PHYSICAL_TX_LANE,A_PHYSICAL_RX_LANE,A_TX_POLARITY_SWAP,A_RX_POLARITY_SWAP,Z_SLOT_ID,Z_CHIP_ID,Z_CHIP_TYPE,Z_CORE_ID,Z_CORE_TYPE,Z_CORE_LANE,Z_PHYSICAL_TX_LANE,Z_PHYSICAL_RX_LANE,Z_TX_POLARITY_SWAP,Z_RX_POLARITY_SWAP
1,1,NPU,0,CHENAB2_NIF,0,0,0,N,N,1,1,TRANSCEIVER,0,OSFP,0,0,0,N,N
1,1,NPU,0,CHENAB2_NIF,1,1,1,N,N,1,1,TRANSCEIVER,0,OSFP,1,1,1,N,N
1,1,NPU,0,CHENAB2_NIF,2,2,2,N,Y,1,1,TRANSCEIVER,0,OSFP,2,2,2,N,N
1,1,NPU,0,CHENAB2_NIF,3,3,3,Y,N,1,1,TRANSCEIVER,0,OSFP,3,3,3,N,N
1,1,NPU,0,CHENAB2_NIF,4,4,4,Y,Y,1,1,TRANSCEIVER,0,OSFP,4,4,4,N,N
1,1,NPU,0,CHENAB2_NIF,5,5,5,Y,N,1,1,TRANSCEIVER,0,OSFP,5,5,5,N,N
1,1,NPU,0,CHENAB2_NIF,6,6,6,Y,Y,1,1,TRANSCEIVER,0,OSFP,6,6,6,N,N
1,1,NPU,0,CHENAB2_NIF,7,7,7,N,Y,1,1,TRANSCEIVER,0,OSFP,7,7,7,N,N
1,1,NPU,0,CHENAB2_NIF,8,8,8,Y,N,1,2,TRANSCEIVER,0,OSFP,0,0,0,N,N
1,1,NPU,0,CHENAB2_NIF,9,9,9,N,Y,1,2,TRANSCEIVER,0,OSFP,1,1,1,N,N
1,1,NPU,0,CHENAB2_NIF,10,10,10,Y,Y,1,2,TRANSCEIVER,0,OSFP,2,2,2,N,N
1,1,NPU,0,CHENAB2_NIF,11,11,11,N,N,1,2,TRANSCEIVER,0,OSFP,3,3,3,N,N
1,1,NPU,0,CHENAB2_NIF,12,12,12,Y,Y,1,2,TRANSCEIVER,0,OSFP,4,4,4,N,N
1,1,NPU,0,CHENAB2_NIF,13,13,13,N,N,1,2,TRANSCEIVER,0,OSFP,5,5,5,N,N
1,1,NPU,0,CHENAB2_NIF,14,14,14,N,Y,1,2,TRANSCEIVER,0,OSFP,6,6,6,N,N
1,1,NPU,0,CHENAB2_NIF,15,15,15,Y,Y,1,2,TRANSCEIVER,0,OSFP,7,7,7,N,N
1,1,NPU,0,CHENAB2_NIF,16,16,16,N,N,1,3,TRANSCEIVER,0,OSFP,0,0,0,N,N
1,1,NPU,0,CHENAB2_NIF,17,17,17,Y,Y,1,3,TRANSCEIVER,0,OSFP,1,1,1,N,N
1,1,NPU,0,CHENAB2_NIF,18,18,18,Y,N,1,3,TRANSCEIVER,0,OSFP,2,2,2,N,N
1,1,NPU,0,CHENAB2_NIF,19,19,19,N,Y,1,3,TRANSCEIVER,0,OSFP,3,3,3,N,N
1,1,NPU,0,CHENAB2_NIF,20,20,20,Y,N,1,3,TRANSCEIVER,0,OSFP,4,4,4,N,N
1,1,NPU,0,CHENAB2_NIF,21,21,21,Y,N,1,3,TRANSCEIVER,0,OSFP,5,5,5,N,N
1,1,NPU,0,CHENAB2_NIF,22,22,22,N,Y,1,3,TRANSCEIVER,0,OSFP,6,6,6,N,N
1,1,NPU,0,CHENAB2_NIF,23,23,23,N,Y,1,3,TRANSCEIVER,0,OSFP,7,7,7,N,N
1,1,NPU,0,CHENAB2_NIF,24,24,24,Y,N,1,4,TRANSCEIVER,0,OSFP,0,0,0,N,N
1,1,NPU,0,CHENAB2_NIF,25,25,25,Y,N,1,4,TRANSCEIVER,0,OSFP,1,1,1,N,N
1,1,NPU,0,CHENAB2_NIF,26,26,26,N,N,1,4,TRANSCEIVER,0,OSFP,2,2,2,N,N
1,1,NPU,0,CHENAB2_NIF,27,27,27,Y,Y,1,4,TRANSCEIVER,0,OSFP,3,3,3,N,N
1,1,NPU,0,CHENAB2_NIF,28,28,28,N,Y,1,4,TRANSCEIVER,0,OSFP,4,4,4,N,N
1,1,NPU,0,CHENAB2_NIF,29,29,29,N,Y,1,4,TRANSCEIVER,0,OSFP,5,5,5,N,N
1,1,NPU,0,CHENAB2_NIF,30,30,30,N,Y,1,4,TRANSCEIVER,0,OSFP,6,6,6,N,N
1,1,NPU,0,CHENAB2_NIF,31,31,31,Y,N,1,4,TRANSCEIVER,0,OSFP,7,7,7,N,N
1,1,NPU,0,CHENAB2_NIF,32,32,32,N,Y,1,5,TRANSCEIVER,0,OSFP,0,0,0,N,N
1,1,NPU,0,CHENAB2_NIF,33,33,33,N,N,1,5,TRANSCEIVER,0,OSFP,1,1,1,N,N
1,1,NPU,0,CHENAB2_NIF,34,34,34,N,Y,1,5,TRANSCEIVER,0,OSFP,2,2,2,N,N
1,1,NPU,0,CHENAB2_NIF,35,35,35,Y,N,1,5,TRANSCEIVER,0,OSFP,3,3,3,N,N
1,1,NPU,0,CHENAB2_NIF,36,36,36,Y,Y,1,5,TRANSCEIVER,0,OSFP,4,4,4,N,N
1,1,NPU,0,CHENAB2_NIF,37,37,37,N,N,1,5,TRANSCEIVER,0,OSFP,5,5,5,N,N
1,1,NPU,0,CHENAB2_NIF,38,38,38,Y,Y,1,5,TRANSCEIVER,0,OSFP,6,6,6,N,N
1,1,NPU,0,CHENAB2_NIF,39,39,39,Y,N,1,5,TRANSCEIVER,0,OSFP,7,7,7,N,N
1,1,NPU,0,CHENAB2_NIF,40,40,40,Y,N,1,6,TRANSCEIVER,0,OSFP,0,0,0,N,N
1,1,NPU,0,CHENAB2_NIF,41,41,41,N,N,1,6,TRANSCEIVER,0,OSFP,1,1,1,N,N
1,1,NPU,0,CHENAB2_NIF,42,42,42,Y,Y,1,6,TRANSCEIVER,0,OSFP,2,2,2,N,N
1,1,NPU,0,CHENAB2_NIF,43,43,43,N,N,1,6,TRANSCEIVER,0,OSFP,3,3,3,N,N
1,1,NPU,0,CHENAB2_NIF,44,44,44,Y,Y,1,6,TRANSCEIVER,0,OSFP,4,4,4,N,N
1,1,NPU,0,CHENAB2_NIF,45,45,45,N,N,1,6,TRANSCEIVER,0,OSFP,5,5,5,N,N
1,1,NPU,0,CHENAB2_NIF,46,46,46,Y,Y,1,6,TRANSCEIVER,0,OSFP,6,6,6,N,N
1,1,NPU,0,CHENAB2_NIF,47,47,47,N,Y,1,6,TRANSCEIVER,0,OSFP,7,7,7,N,N
1,1,NPU,0,CHENAB2_NIF,48,48,48,N,N,1,7,TRANSCEIVER,0,OSFP,0,0,0,N,N
1,1,NPU,0,CHENAB2_NIF,49,49,49,Y,N,1,7,TRANSCEIVER,0,OSFP,1,1,1,N,N
1,1,NPU,0,CHENAB2_NIF,50,50,50,Y,N,1,7,TRANSCEIVER,0,OSFP,2,2,2,N,N
1,1,NPU,0,CHENAB2_NIF,51,51,51,Y,N,1,7,TRANSCEIVER,0,OSFP,3,3,3,N,N
1,1,NPU,0,CHENAB2_NIF,52,52,52,N,N,1,7,TRANSCEIVER,0,OSFP,4,4,4,N,N
1,1,NPU,0,CHENAB2_NIF,53,53,53,N,N,1,7,TRANSCEIVER,0,OSFP,5,5,5,N,N
1,1,NPU,0,CHENAB2_NIF,54,54,54,Y,N,1,7,TRANSCEIVER,0,OSFP,6,6,6,N,N
1,1,NPU,0,CHENAB2_NIF,55,55,55,N,N,1,7,TRANSCEIVER,0,OSFP,7,7,7,N,N
1,1,NPU,0,CHENAB2_NIF,56,56,56,N,N,1,8,TRANSCEIVER,0,OSFP,0,0,0,N,N
1,1,NPU,0,CHENAB2_NIF,57,57,57,N,N,1,8,TRANSCEIVER,0,OSFP,1,1,1,N,N
1,1,NPU,0,CHENAB2_NIF,58,58,58,Y,N,1,8,TRANSCEIVER,0,OSFP,2,2,2,N,N
1,1,NPU,0,CHENAB2_NIF,59,59,59,Y,N,1,8,TRANSCEIVER,0,OSFP,3,3,3,N,N
1,1,NPU,0,CHENAB2_NIF,60,60,60,Y,Y,1,8,TRANSCEIVER,0,OSFP,4,4,4,N,N
1,1,NPU,0,CHENAB2_NIF,61,61,61,Y,Y,1,8,TRANSCEIVER,0,OSFP,5,5,5,N,N
1,1,NPU,0,CHENAB2_NIF,62,62,62,N,Y,1,8,TRANSCEIVER,0,OSFP,6,6,6,N,N
1,1,NPU,0,CHENAB2_NIF,63,63,63,N,Y,1,8,TRANSCEIVER,0,OSFP,7,7,7,N,N
1,1,NPU,0,CHENAB2_NIF,64,64,64,N,Y,1,9,TRANSCEIVER,0,OSFP,0,0,0,N,N
1,1,NPU,0,CHENAB2_NIF,65,65,65,N,N,1,9,TRANSCEIVER,0,OSFP,1,1,1,N,N
1,1,NPU,0,CHENAB2_NIF,66,66,66,Y,Y,1,9,TRANSCEIVER,0,OSFP,2,2,2,N,N
1,1,NPU,0,CHENAB2_NIF,67,67,67,Y,N,1,9,TRANSCEIVER,0,OSFP,3,3,3,N,N
1,1,NPU,0,CHENAB2_NIF,68,68,68,Y,Y,1,9,TRANSCEIVER,0,OSFP,4,4,4,N,N
1,1,NPU,0,CHENAB2_NIF,69,69,69,N,N,1,9,TRANSCEIVER,0,OSFP,5,5,5,N,N
1,1,NPU,0,CHENAB2_NIF,70,70,70,Y,Y,1,9,TRANSCEIVER,0,OSFP,6,6,6,N,N
1,1,NPU,0,CHENAB2_NIF,71,71,71,N,N,1,9,TRANSCEIVER,0,OSFP,7,7,7,N,N
1,1,NPU,0,CHENAB2_NIF,72,72,72,Y,N,1,10,TRANSCEIVER,0,OSFP,0,0,0,N,N
1,1,NPU,0,CHENAB2_NIF,73,73,73,N,Y,1,10,TRANSCEIVER,0,OSFP,1,1,1,N,N
1,1,NPU,0,CHENAB2_NIF,74,74,74,Y,N,1,10,TRANSCEIVER,0,OSFP,2,2,2,N,N
1,1,NPU,0,CHENAB2_NIF,75,75,75,N,N,1,10,TRANSCEIVER,0,OSFP,3,3,3,N,N
1,1,NPU,0,CHENAB2_NIF,76,76,76,N,Y,1,10,TRANSCEIVER,0,OSFP,4,4,4,N,N
1,1,NPU,0,CHENAB2_NIF,77,77,77,N,N,1,10,TRANSCEIVER,0,OSFP,5,5,5,N,N
1,1,NPU,0,CHENAB2_NIF,78,78,78,N,Y,1,10,TRANSCEIVER,0,OSFP,6,6,6,N,N
1,1,NPU,0,CHENAB2_NIF,79,79,79,Y,N,1,10,TRANSCEIVER,0,OSFP,7,7,7,N,N
1,1,NPU,0,CHENAB2_NIF,80,80,80,N,N,1,11,TRANSCEIVER,0,OSFP,0,0,0,N,N
1,1,NPU,0,CHENAB2_NIF,81,81,81,N,Y,1,11,TRANSCEIVER,0,OSFP,1,1,1,N,N
1,1,NPU,0,CHENAB2_NIF,82,82,82,N,N,1,11,TRANSCEIVER,0,OSFP,2,2,2,N,N
1,1,NPU,0,CHENAB2_NIF,83,83,83,Y,N,1,11,TRANSCEIVER,0,OSFP,3,3,3,N,N
1,1,NPU,0,CHENAB2_NIF,84,84,84,N,N,1,11,TRANSCEIVER,0,OSFP,4,4,4,N,N
1,1,NPU,0,CHENAB2_NIF,85,85,85,Y,Y,1,11,TRANSCEIVER,0,OSFP,5,5,5,N,N
1,1,NPU,0,CHENAB2_NIF,86,86,86,Y,Y,1,11,TRANSCEIVER,0,OSFP,6,6,6,N,N
1,1,NPU,0,CHENAB2_NIF,87,87,87,Y,Y,1,11,TRANSCEIVER,0,OSFP,7,7,7,N,N
1,1,NPU,0,CHENAB2_NIF,88,88,88,N,Y,1,12,TRANSCEIVER,0,OSFP,0,0,0,N,N
1,1,NPU,0,CHENAB2_NIF,89,89,89,N,N,1,12,TRANSCEIVER,0,OSFP,1,1,1,N,N
1,1,NPU,0,CHENAB2_NIF,90,90,90,Y,N,1,12,TRANSCEIVER,0,OSFP,2,2,2,N,N
1,1,NPU,0,CHENAB2_NIF,91,91,91,Y,Y,1,12,TRANSCEIVER,0,OSFP,3,3,3,N,N
1,1,NPU,0,CHENAB2_NIF,92,92,92,N,Y,1,12,TRANSCEIVER,0,OSFP,4,4,4,N,N
1,1,NPU,0,CHENAB2_NIF,93,93,93,Y,Y,1,12,TRANSCEIVER,0,OSFP,5,5,5,N,N
1,1,NPU,0,CHENAB2_NIF,94,94,94,N,N,1,12,TRANSCEIVER,0,OSFP,6,6,6,N,N
1,1,NPU,0,CHENAB2_NIF,95,95,95,Y,N,1,12,TRANSCEIVER,0,OSFP,7,7,7,N,N
1,1,NPU,0,CHENAB2_NIF,96,96,96,Y,Y,1,13,TRANSCEIVER,0,OSFP,0,0,0,N,N
1,1,NPU,0,CHENAB2_NIF,97,97,97,Y,N,1,13,TRANSCEIVER,0,OSFP,1,1,1,N,N
1,1,NPU,0,CHENAB2_NIF,98,98,98,N,N,1,13,TRANSCEIVER,0,OSFP,2,2,2,N,N
1,1,NPU,0,CHENAB2_NIF,99,99,99,Y,N,1,13,TRANSCEIVER,0,OSFP,3,3,3,N,N
1,1,NPU,0,CHENAB2_NIF,100,100,100,N,Y,1,13,TRANSCEIVER,0,OSFP,4,4,4,N,N
1,1,NPU,0,CHENAB2_NIF,101,101,101,N,N,1,13,TRANSCEIVER,0,OSFP,5,5,5,N,N
1,1,NPU,0,CHENAB2_NIF,102,102,102,N,Y,1,13,TRANSCEIVER,0,OSFP,6,6,6,N,N
1,1,NPU,0,CHENAB2_NIF,103,103,103,Y,Y,1,13,TRANSCEIVER,0,OSFP,7,7,7,N,N
1,1,NPU,0,CHENAB2_NIF,104,104,104,Y,N,1,14,TRANSCEIVER,0,OSFP,0,0,0,N,N
1,1,NPU,0,CHENAB2_NIF,105,105,105,N,N,1,14,TRANSCEIVER,0,OSFP,1,1,1,N,N
1,1,NPU,0,CHENAB2_NIF,106,106,106,Y,Y,1,14,TRANSCEIVER,0,OSFP,2,2,2,N,N
1,1,NPU,0,CHENAB2_NIF,107,107,107,N,N,1,14,TRANSCEIVER,0,OSFP,3,3,3,N,N
1,1,NPU,0,CHENAB2_NIF,108,108,108,Y,Y,1,14,TRANSCEIVER,0,OSFP,4,4,4,N,N
1,1,NPU,0,CHENAB2_NIF,109,109,109,Y,N,1,14,TRANSCEIVER,0,OSFP,5,5,5,N,N
1,1,NPU,0,CHENAB2_NIF,110,110,110,N,Y,1,14,TRANSCEIVER,0,OSFP,6,6,6,N,N
1,1,NPU,0,CHENAB2_NIF,111,111,111,N,Y,1,14,TRANSCEIVER,0,OSFP,7,7,7,N,N
1,1,NPU,0,CHENAB2_NIF,112,112,112,Y,Y,1,15,TRANSCEIVER,0,OSFP,0,0,0,N,N
1,1,NPU,0,CHENAB2_NIF,113,113,113,N,Y,1,15,TRANSCEIVER,0,OSFP,1,1,1,N,N
1,1,NPU,0,CHENAB2_NIF,114,114,114,Y,Y,1,15,TRANSCEIVER,0,OSFP,2,2,2,N,N
1,1,NPU,0,CHENAB2_NIF,115,115,115,N,Y,1,15,TRANSCEIVER,0,OSFP,3,3,3,N,N
1,1,NPU,0,CHENAB2_NIF,116,116,116,Y,Y,1,15,TRANSCEIVER,0,OSFP,4,4,4,N,N
1,1,NPU,0,CHENAB2_NIF,117,117,117,N,Y,1,15,TRANSCEIVER,0,OSFP,5,5,5,N,N
1,1,NPU,0,CHENAB2_NIF,118,118,118,N,Y,1,15,TRANSCEIVER,0,OSFP,6,6,6,N,N
1,1,NPU,0,CHENAB2_NIF,119,119,119,Y,Y,1,15,TRANSCEIVER,0,OSFP,7,7,7,N,N
1,1,NPU,0,CHENAB2_NIF,120,120,120,N,Y,1,16,TRANSCEIVER,0,OSFP,0,0,0,N,N
1,1,NPU,0,CHENAB2_NIF,121,121,121,N,Y,1,16,TRANSCEIVER,0,OSFP,1,1,1,N,N
1,1,NPU,0,CHENAB2_NIF,122,122,122,N,N,1,16,TRANSCEIVER,0,OSFP,2,2,2,N,N
1,1,NPU,0,CHENAB2_NIF,123,123,123,Y,Y,1,16,TRANSCEIVER,0,OSFP,3,3,3,N,N
1,1,NPU,0,CHENAB2_NIF,124,124,124,Y,N,1,16,TRANSCEIVER,0,OSFP,4,4,4,N,N
1,1,NPU,0,CHENAB2_NIF,125,125,125,Y,N,1,16,TRANSCEIVER,0,OSFP,5,5,5,N,N
1,1,NPU,0,CHENAB2_NIF,126,126,126,Y,N,1,16,TRANSCEIVER,0,OSFP,6,6,6,N,N
1,1,NPU,0,CHENAB2_NIF,127,127,127,N,Y,1,16,TRANSCEIVER,0,OSFP,7,7,7,N,N
1,1,NPU,0,CHENAB2_NIF,128,128,128,N,N,1,17,TRANSCEIVER,0,OSFP,0,0,0,N,N
1,1,NPU,0,CHENAB2_NIF,129,129,129,Y,Y,1,17,TRANSCEIVER,0,OSFP,1,1,1,N,N
1,1,NPU,0,CHENAB2_NIF,130,130,130,Y,Y,1,17,TRANSCEIVER,0,OSFP,2,2,2,N,N
1,1,NPU,0,CHENAB2_NIF,131,131,131,N,Y,1,17,TRANSCEIVER,0,OSFP,3,3,3,N,N
1,1,NPU,0,CHENAB2_NIF,132,132,132,Y,N,1,17,TRANSCEIVER,0,OSFP,4,4,4,N,N
1,1,NPU,0,CHENAB2_NIF,133,133,133,N,N,1,17,TRANSCEIVER,0,OSFP,5,5,5,N,N
1,1,NPU,0,CHENAB2_NIF,134,134,134,Y,N,1,17,TRANSCEIVER,0,OSFP,6,6,6,N,N
1,1,NPU,0,CHENAB2_NIF,135,135,135,N,Y,1,17,TRANSCEIVER,0,OSFP,7,7,7,N,N
1,1,NPU,0,CHENAB2_NIF,136,136,136,N,Y,1,18,TRANSCEIVER,0,OSFP,0,0,0,N,N
1,1,NPU,0,CHENAB2_NIF,137,137,137,Y,Y,1,18,TRANSCEIVER,0,OSFP,1,1,1,N,N
1,1,NPU,0,CHENAB2_NIF,138,138,138,Y,Y,1,18,TRANSCEIVER,0,OSFP,2,2,2,N,N
1,1,NPU,0,CHENAB2_NIF,139,139,139,N,Y,1,18,TRANSCEIVER,0,OSFP,3,3,3,N,N
1,1,NPU,0,CHENAB2_NIF,140,140,140,Y,Y,1,18,TRANSCEIVER,0,OSFP,4,4,4,N,N
1,1,NPU,0,CHENAB2_NIF,141,141,141,N,Y,1,18,TRANSCEIVER,0,OSFP,5,5,5,N,N
1,1,NPU,0,CHENAB2_NIF,142,142,142,Y,Y,1,18,TRANSCEIVER,0,OSFP,6,6,6,N,N
1,1,NPU,0,CHENAB2_NIF,143,143,143,N,Y,1,18,TRANSCEIVER,0,OSFP,7,7,7,N,N
1,1,NPU,0,CHENAB2_NIF,144,144,144,Y,Y,1,19,TRANSCEIVER,0,OSFP,0,0,0,N,N
1,1,NPU,0,CHENAB2_NIF,145,145,145,Y,Y,1,19,TRANSCEIVER,0,OSFP,1,1,1,N,N
1,1,NPU,0,CHENAB2_NIF,146,146,146,N,Y,1,19,TRANSCEIVER,0,OSFP,2,2,2,N,N
1,1,NPU,0,CHENAB2_NIF,147,147,147,N,N,1,19,TRANSCEIVER,0,OSFP,3,3,3,N,N
1,1,NPU,0,CHENAB2_NIF,148,148,148,N,N,1,19,TRANSCEIVER,0,OSFP,4,4,4,N,N
1,1,NPU,0,CHENAB2_NIF,149,149,149,Y,Y,1,19,TRANSCEIVER,0,OSFP,5,5,5,N,N
1,1,NPU,0,CHENAB2_NIF,150,150,150,Y,N,1,19,TRANSCEIVER,0,OSFP,6,6,6,N,N
1,1,NPU,0,CHENAB2_NIF,151,151,151,N,N,1,19,TRANSCEIVER,0,OSFP,7,7,7,N,N
1,1,NPU,0,CHENAB2_NIF,152,152,152,Y,Y,1,20,TRANSCEIVER,0,OSFP,0,0,0,N,N
1,1,NPU,0,CHENAB2_NIF,153,153,153,N,Y,1,20,TRANSCEIVER,0,OSFP,1,1,1,N,N
1,1,NPU,0,CHENAB2_NIF,154,154,154,N,Y,1,20,TRANSCEIVER,0,OSFP,2,2,2,N,N
1,1,NPU,0,CHENAB2_NIF,155,155,155,Y,Y,1,20,TRANSCEIVER,0,OSFP,3,3,3,N,N
1,1,NPU,0,CHENAB2_NIF,156,156,156,N,N,1,20,TRANSCEIVER,0,OSFP,4,4,4,N,N
1,1,NPU,0,CHENAB2_NIF,157,157,157,N,N,1,20,TRANSCEIVER,0,OSFP,5,5,5,N,N
1,1,NPU,0,CHENAB2_NIF,158,158,158,Y,N,1,20,TRANSCEIVER,0,OSFP,6,6,6,N,N
1,1,NPU,0,CHENAB2_NIF,159,159,159,Y,N,1,20,TRANSCEIVER,0,OSFP,7,7,7,N,N
1,1,NPU,0,CHENAB2_NIF,160,160,160,Y,N,1,21,TRANSCEIVER,0,OSFP,0,0,0,N,N
1,1,NPU,0,CHENAB2_NIF,161,161,161,N,N,1,21,TRANSCEIVER,0,OSFP,1,1,1,N,N
1,1,NPU,0,CHENAB2_NIF,162,162,162,N,N,1,21,TRANSCEIVER,0,OSFP,2,2,2,N,N
1,1,NPU,0,CHENAB2_NIF,163,163,163,Y,Y,1,21,TRANSCEIVER,0,OSFP,3,3,3,N,N
1,1,NPU,0,CHENAB2_NIF,164,164,164,N,Y,1,21,TRANSCEIVER,0,OSFP,4,4,4,N,N
1,1,NPU,0,CHENAB2_NIF,165,165,165,N,Y,1,21,TRANSCEIVER,0,OSFP,5,5,5,N,N
1,1,NPU,0,CHENAB2_NIF,166,166,166,Y,Y,1,21,TRANSCEIVER,0,OSFP,6,6,6,N,N
1,1,NPU,0,CHENAB2_NIF,167,167,167,Y,N,1,21,TRANSCEIVER,0,OSFP,7,7,7,N,N
1,1,NPU,0,CHENAB2_NIF,168,168,168,Y,N,1,22,TRANSCEIVER,0,OSFP,0,0,0,N,N
1,1,NPU,0,CHENAB2_NIF,169,169,169,Y,N,1,22,TRANSCEIVER,0,OSFP,1,1,1,N,N
1,1,NPU,0,CHENAB2_NIF,170,170,170,N,N,1,22,TRANSCEIVER,0,OSFP,2,2,2,N,N
1,1,NPU,0,CHENAB2_NIF,171,171,171,N,Y,1,22,TRANSCEIVER,0,OSFP,3,3,3,N,N
1,1,NPU,0,CHENAB2_NIF,172,172,172,N,N,1,22,TRANSCEIVER,0,OSFP,4,4,4,N,N
1,1,NPU,0,CHENAB2_NIF,173,173,173,N,Y,1,22,TRANSCEIVER,0,OSFP,5,5,5,N,N
1,1,NPU,0,CHENAB2_NIF,174,174,174,Y,Y,1,22,TRANSCEIVER,0,OSFP,6,6,6,N,N
1,1,NPU,0,CHENAB2_NIF,175,175,175,Y,Y,1,22,TRANSCEIVER,0,OSFP,7,7,7,N,N
1,1,NPU,0,CHENAB2_NIF,176,176,176,N,Y,1,23,TRANSCEIVER,0,OSFP,0,0,0,N,N
1,1,NPU,0,CHENAB2_NIF,177,177,177,Y,Y,1,23,TRANSCEIVER,0,OSFP,1,1,1,N,N
1,1,NPU,0,CHENAB2_NIF,178,178,178,Y,Y,1,23,TRANSCEIVER,0,OSFP,2,2,2,N,N
1,1,NPU,0,CHENAB2_NIF,179,179,179,N,N,1,23,TRANSCEIVER,0,OSFP,3,3,3,N,N
1,1,NPU,0,CHENAB2_NIF,180,180,180,Y,N,1,23,TRANSCEIVER,0,OSFP,4,4,4,N,N
1,1,NPU,0,CHENAB2_NIF,181,181,181,Y,N,1,23,TRANSCEIVER,0,OSFP,5,5,5,N,N
1,1,NPU,0,CHENAB2_NIF,182,182,182,N,N,1,23,TRANSCEIVER,0,OSFP,6,6,6,N,N
1,1,NPU,0,CHENAB2_NIF,183,183,183,N,Y,1,23,TRANSCEIVER,0,OSFP,7,7,7,N,N
1,1,NPU,0,CHENAB2_NIF,184,184,184,Y,Y,1,24,TRANSCEIVER,0,OSFP,0,0,0,N,N
1,1,NPU,0,CHENAB2_NIF,185,185,185,Y,Y,1,24,TRANSCEIVER,0,OSFP,1,1,1,N,N
1,1,NPU,0,CHENAB2_NIF,186,186,186,N,Y,1,24,TRANSCEIVER,0,OSFP,2,2,2,N,N
1,1,NPU,0,CHENAB2_NIF,187,187,187,N,N,1,24,TRANSCEIVER,0,OSFP,3,3,3,N,N
1,1,NPU,0,CHENAB2_NIF,188,188,188,Y,N,1,24,TRANSCEIVER,0,OSFP,4,4,4,N,N
1,1,NPU,0,CHENAB2_NIF,189,189,189,N,Y,1,24,TRANSCEIVER,0,OSFP,5,5,5,N,N
1,1,NPU,0,CHENAB2_NIF,190,190,190,Y,N,1,24,TRANSCEIVER,0,OSFP,6,6,6,N,N
1,1,NPU,0,CHENAB2_NIF,191,191,191,N,N,1,24,TRANSCEIVER,0,OSFP,7,7,7,N,N
1,1,NPU,0,CHENAB2_NIF,192,192,192,N,N,1,25,TRANSCEIVER,0,OSFP,0,0,0,N,N
1,1,NPU,0,CHENAB2_NIF,193,193,193,Y,N,1,25,TRANSCEIVER,0,OSFP,1,1,1,N,N
1,1,NPU,0,CHENAB2_NIF,194,194,194,N,Y,1,25,TRANSCEIVER,0,OSFP,2,2,2,N,N
1,1,NPU,0,CHENAB2_NIF,195,195,195,N,N,1,25,TRANSCEIVER,0,OSFP,3,3,3,N,N
1,1,NPU,0,CHENAB2_NIF,196,196,196,Y,Y,1,25,TRANSCEIVER,0,OSFP,4,4,4,N,N
1,1,NPU,0,CHENAB2_NIF,197,197,197,Y,Y,1,25,TRANSCEIVER,0,OSFP,5,5,5,N,N
1,1,NPU,0,CHENAB2_NIF,198,198,198,Y,Y,1,25,TRANSCEIVER,0,OSFP,6,6,6,N,N
1,1,NPU,0,CHENAB2_NIF,199,199,199,N,N,1,25,TRANSCEIVER,0,OSFP,7,7,7,N,N
1,1,NPU,0,CHENAB2_NIF,200,200,200,Y,N,1,26,TRANSCEIVER,0,OSFP,0,0,0,N,N
1,1,NPU,0,CHENAB2_NIF,201,201,201,Y,N,1,26,TRANSCEIVER,0,OSFP,1,1,1,N,N
1,1,NPU,0,CHENAB2_NIF,202,202,202,N,N,1,26,TRANSCEIVER,0,OSFP,2,2,2,N,N
1,1,NPU,0,CHENAB2_NIF,203,203,203,N,N,1,26,TRANSCEIVER,0,OSFP,3,3,3,N,N
1,1,NPU,0,CHENAB2_NIF,204,204,204,N,N,1,26,TRANSCEIVER,0,OSFP,4,4,4,N,N
1,1,NPU,0,CHENAB2_NIF,205,205,205,Y,N,1,26,TRANSCEIVER,0,OSFP,5,5,5,N,N
1,1,NPU,0,CHENAB2_NIF,206,206,206,N,N,1,26,TRANSCEIVER,0,OSFP,6,6,6,N,N
1,1,NPU,0,CHENAB2_NIF,207,207,207,Y,N,1,26,TRANSCEIVER,0,OSFP,7,7,7,N,N
1,1,NPU,0,CHENAB2_NIF,208,208,208,Y,Y,1,27,TRANSCEIVER,0,OSFP,0,0,0,N,N
1,1,NPU,0,CHENAB2_NIF,209,209,209,Y,Y,1,27,TRANSCEIVER,0,OSFP,1,1,1,N,N
1,1,NPU,0,CHENAB2_NIF,210,210,210,N,Y,1,27,TRANSCEIVER,0,OSFP,2,2,2,N,N
1,1,NPU,0,CHENAB2_NIF,211,211,211,N,N,1,27,TRANSCEIVER,0,OSFP,3,3,3,N,N
1,1,NPU,0,CHENAB2_NIF,212,212,212,N,N,1,27,TRANSCEIVER,0,OSFP,4,4,4,N,N
1,1,NPU,0,CHENAB2_NIF,213,213,213,Y,Y,1,27,TRANSCEIVER,0,OSFP,5,5,5,N,N
1,1,NPU,0,CHENAB2_NIF,214,214,214,Y,N,1,27,TRANSCEIVER,0,OSFP,6,6,6,N,N
1,1,NPU,0,CHENAB2_NIF,215,215,215,N,N,1,27,TRANSCEIVER,0,OSFP,7,7,7,N,N
1,1,NPU,0,CHENAB2_NIF,216,216,216,N,Y,1,28,TRANSCEIVER,0,OSFP,0,0,0,N,N
1,1,NPU,0,CHENAB2_NIF,217,217,217,Y,Y,1,28,TRANSCEIVER,0,OSFP,1,1,1,N,N
1,1,NPU,0,CHENAB2_NIF,218,218,218,N,Y,1,28,TRANSCEIVER,0,OSFP,2,2,2,N,N
1,1,NPU,0,CHENAB2_NIF,219,219,219,Y,N,1,28,TRANSCEIVER,0,OSFP,3,3,3,N,N
1,1,NPU,0,CHENAB2_NIF,220,220,220,N,N,1,28,TRANSCEIVER,0,OSFP,4,4,4,N,N
1,1,NPU,0,CHENAB2_NIF,221,221,221,N,Y,1,28,TRANSCEIVER,0,OSFP,5,5,5,N,N
1,1,NPU,0,CHENAB2_NIF,222,222,222,Y,N,1,28,TRANSCEIVER,0,OSFP,6,6,6,N,N
1,1,NPU,0,CHENAB2_NIF,223,223,223,Y,N,1,28,TRANSCEIVER,0,OSFP,7,7,7,N,N
1,1,NPU,0,CHENAB2_NIF,224,224,224,Y,N,1,29,TRANSCEIVER,0,OSFP,0,0,0,N,N
1,1,NPU,0,CHENAB2_NIF,225,225,225,Y,Y,1,29,TRANSCEIVER,0,OSFP,1,1,1,N,N
1,1,NPU,0,CHENAB2_NIF,226,226,226,Y,N,1,29,TRANSCEIVER,0,OSFP,2,2,2,N,N
1,1,NPU,0,CHENAB2_NIF,227,227,227,Y,Y,1,29,TRANSCEIVER,0,OSFP,3,3,3,N,N
1,1,NPU,0,CHENAB2_NIF,228,228,228,N,Y,1,29,TRANSCEIVER,0,OSFP,4,4,4,N,N
1,1,NPU,0,CHENAB2_NIF,229,229,229,N,N,1,29,TRANSCEIVER,0,OSFP,5,5,5,N,N
1,1,NPU,0,CHENAB2_NIF,230,230,230,N,Y,1,29,TRANSCEIVER,0,OSFP,6,6,6,N,N
1,1,NPU,0,CHENAB2_NIF,231,231,231,N,N,1,29,TRANSCEIVER,0,OSFP,7,7,7,N,N
1,1,NPU,0,CHENAB2_NIF,232,232,232,Y,N,1,30,TRANSCEIVER,0,OSFP,0,0,0,N,N
1,1,NPU,0,CHENAB2_NIF,233,233,233,Y,N,1,30,TRANSCEIVER,0,OSFP,1,1,1,N,N
1,1,NPU,0,CHENAB2_NIF,234,234,234,N,N,1,30,TRANSCEIVER,0,OSFP,2,2,2,N,N
1,1,NPU,0,CHENAB2_NIF,235,235,235,N,Y,1,30,TRANSCEIVER,0,OSFP,3,3,3,N,N
1,1,NPU,0,CHENAB2_NIF,236,236,236,N,N,1,30,TRANSCEIVER,0,OSFP,4,4,4,N,N
1,1,NPU,0,CHENAB2_NIF,237,237,237,N,Y,1,30,TRANSCEIVER,0,OSFP,5,5,5,N,N
1,1,NPU,0,CHENAB2_NIF,238,238,238,Y,Y,1,30,TRANSCEIVER,0,OSFP,6,6,6,N,N
1,1,NPU,0,CHENAB2_NIF,239,239,239,Y,Y,1,30,TRANSCEIVER,0,OSFP,7,7,7,N,N
1,1,NPU,0,CHENAB2_NIF,240,240,240,Y,Y,1,31,TRANSCEIVER,0,OSFP,0,0,0,N,N
1,1,NPU,0,CHENAB2_NIF,241,241,241,Y,Y,1,31,TRANSCEIVER,0,OSFP,1,1,1,N,N
1,1,NPU,0,CHENAB2_NIF,242,242,242,Y,Y,1,31,TRANSCEIVER,0,OSFP,2,2,2,N,N
1,1,NPU,0,CHENAB2_NIF,243,243,243,Y,Y,1,31,TRANSCEIVER,0,OSFP,3,3,3,N,N
1,1,NPU,0,CHENAB2_NIF,244,244,244,N,N,1,31,TRANSCEIVER,0,OSFP,4,4,4,N,N
1,1,NPU,0,CHENAB2_NIF,245,245,245,Y,N,1,31,TRANSCEIVER,0,OSFP,5,5,5,N,N
1,1,NPU,0,CHENAB2_NIF,246,246,246,N,N,1,31,TRANSCEIVER,0,OSFP,6,6,6,N,N
1,1,NPU,0,CHENAB2_NIF,247,247,247,N,Y,1,31,TRANSCEIVER,0,OSFP,7,7,7,N,N
1,1,NPU,0,CHENAB2_NIF,248,248,248,Y,Y,1,32,TRANSCEIVER,0,OSFP,0,0,0,N,N
1,1,NPU,0,CHENAB2_NIF,249,249,249,Y,Y,1,32,TRANSCEIVER,0,OSFP,1,1,1,N,N
1,1,NPU,0,CHENAB2_NIF,250,250,250,Y,Y,1,32,TRANSCEIVER,0,OSFP,2,2,2,N,N
1,1,NPU,0,CHENAB2_NIF,251,251,251,N,Y,1,32,TRANSCEIVER,0,OSFP,3,3,3,N,N
1,1,NPU,0,CHENAB2_NIF,252,252,252,N,N,1,32,TRANSCEIVER,0,OSFP,4,4,4,N,N
1,1,NPU,0,CHENAB2_NIF,253,253,253,N,N,1,32,TRANSCEIVER,0,OSFP,5,5,5,N,N
1,1,NPU,0,CHENAB2_NIF,254,254,254,N,N,1,32,TRANSCEIVER,0,OSFP,6,6,6,N,N
1,1,NPU,0,CHENAB2_NIF,255,255,255,Y,N,1,32,TRANSCEIVER,0,OSFP,7,7,7,N,N
1,1,NPU,0,CHENAB2_NIF,256,256,256,Y,N,1,33,TRANSCEIVER,0,OSFP,0,0,0,N,N
1,1,NPU,0,CHENAB2_NIF,257,257,257,N,N,1,33,TRANSCEIVER,0,OSFP,1,1,1,N,N
1,1,NPU,0,CHENAB2_NIF,258,258,258,N,Y,1,33,TRANSCEIVER,0,OSFP,2,2,2,N,N
1,1,NPU,0,CHENAB2_NIF,259,259,259,Y,N,1,33,TRANSCEIVER,0,OSFP,3,3,3,N,N
1,1,NPU,0,CHENAB2_NIF,260,260,260,N,Y,1,33,TRANSCEIVER,0,OSFP,4,4,4,N,N
1,1,NPU,0,CHENAB2_NIF,261,261,261,Y,Y,1,33,TRANSCEIVER,0,OSFP,5,5,5,N,N
1,1,NPU,0,CHENAB2_NIF,262,262,262,N,Y,1,33,TRANSCEIVER,0,OSFP,6,6,6,N,N
1,1,NPU,0,CHENAB2_NIF,263,263,263,Y,N,1,33,TRANSCEIVER,0,OSFP,7,7,7,N,N
1,1,NPU,0,CHENAB2_NIF,264,264,264,N,Y,1,34,TRANSCEIVER,0,OSFP,0,0,0,N,N
1,1,NPU,0,CHENAB2_NIF,265,265,265,N,Y,1,34,TRANSCEIVER,0,OSFP,1,1,1,N,N
1,1,NPU,0,CHENAB2_NIF,266,266,266,Y,N,1,34,TRANSCEIVER,0,OSFP,2,2,2,N,N
1,1,NPU,0,CHENAB2_NIF,267,267,267,Y,N,1,34,TRANSCEIVER,0,OSFP,3,3,3,N,N
1,1,NPU,0,CHENAB2_NIF,268,268,268,N,N,1,34,TRANSCEIVER,0,OSFP,4,4,4,N,N
1,1,NPU,0,CHENAB2_NIF,269,269,269,Y,Y,1,34,TRANSCEIVER,0,OSFP,5,5,5,N,N
1,1,NPU,0,CHENAB2_NIF,270,270,270,Y,Y,1,34,TRANSCEIVER,0,OSFP,6,6,6,N,N
1,1,NPU,0,CHENAB2_NIF,271,271,271,N,N,1,34,TRANSCEIVER,0,OSFP,7,7,7,N,N
1,1,NPU,0,CHENAB2_NIF,272,272,272,N,N,1,35,TRANSCEIVER,0,OSFP,0,0,0,N,N
1,1,NPU,0,CHENAB2_NIF,273,273,273,Y,Y,1,35,TRANSCEIVER,0,OSFP,1,1,1,N,N
1,1,NPU,0,CHENAB2_NIF,274,274,274,Y,N,1,35,TRANSCEIVER,0,OSFP,2,2,2,N,N
1,1,NPU,0,CHENAB2_NIF,275,275,275,N,N,1,35,TRANSCEIVER,0,OSFP,3,3,3,N,N
1,1,NPU,0,CHENAB2_NIF,276,276,276,Y,Y,1,35,TRANSCEIVER,0,OSFP,4,4,4,N,N
1,1,NPU,0,CHENAB2_NIF,277,277,277,N,N,1,35,TRANSCEIVER,0,OSFP,5,5,5,N,N
1,1,NPU,0,CHENAB2_NIF,278,278,278,Y,Y,1,35,TRANSCEIVER,0,OSFP,6,6,6,N,N
1,1,NPU,0,CHENAB2_NIF,279,279,279,N,Y,1,35,TRANSCEIVER,0,OSFP,7,7,7,N,N
1,1,NPU,0,CHENAB2_NIF,280,280,280,Y,Y,1,36,TRANSCEIVER,0,OSFP,0,0,0,N,N
1,1,NPU,0,CHENAB2_NIF,281,281,281,N,N,1,36,TRANSCEIVER,0,OSFP,1,1,1,N,N
1,1,NPU,0,CHENAB2_NIF,282,282,282,Y,Y,1,36,TRANSCEIVER,0,OSFP,2,2,2,N,N
1,1,NPU,0,CHENAB2_NIF,283,283,283,Y,N,1,36,TRANSCEIVER,0,OSFP,3,3,3,N,N
1,1,NPU,0,CHENAB2_NIF,284,284,284,N,Y,1,36,TRANSCEIVER,0,OSFP,4,4,4,N,N
1,1,NPU,0,CHENAB2_NIF,285,285,285,Y,N,1,36,TRANSCEIVER,0,OSFP,5,5,5,N,N
1,1,NPU,0,CHENAB2_NIF,286,286,286,N,Y,1,36,TRANSCEIVER,0,OSFP,6,6,6,N,N
1,1,NPU,0,CHENAB2_NIF,287,287,287,N,N,1,36,TRANSCEIVER,0,OSFP,7,7,7,N,N
1,1,NPU,0,CHENAB2_NIF,288,288,288,Y,Y,1,37,TRANSCEIVER,0,OSFP,0,0,0,N,N
1,1,NPU,0,CHENAB2_NIF,289,289,289,Y,N,1,37,TRANSCEIVER,0,OSFP,1,1,1,N,N
1,1,NPU,0,CHENAB2_NIF,290,290,290,N,Y,1,37,TRANSCEIVER,0,OSFP,2,2,2,N,N
1,1,NPU,0,CHENAB2_NIF,291,291,291,N,Y,1,37,TRANSCEIVER,0,OSFP,3,3,3,N,N
1,1,NPU,0,CHENAB2_NIF,292,292,292,Y,N,1,37,TRANSCEIVER,0,OSFP,4,4,4,N,N
1,1,NPU,0,CHENAB2_NIF,293,293,293,Y,Y,1,37,TRANSCEIVER,0,OSFP,5,5,5,N,N
1,1,NPU,0,CHENAB2_NIF,294,294,294,N,N,1,37,TRANSCEIVER,0,OSFP,6,6,6,N,N
1,1,NPU,0,CHENAB2_NIF,295,295,295,N,N,1,37,TRANSCEIVER,0,OSFP,7,7,7,N,N
1,1,NPU,0,CHENAB2_NIF,296,296,296,Y,Y,1,38,TRANSCEIVER,0,OSFP,0,0,0,N,N
1,1,NPU,0,CHENAB2_NIF,297,297,297,N,Y,1,38,TRANSCEIVER,0,OSFP,1,1,1,N,N
1,1,NPU,0,CHENAB2_NIF,298,298,298,Y,Y,1,38,TRANSCEIVER,0,OSFP,2,2,2,N,N
1,1,NPU,0,CHENAB2_NIF,299,299,299,N,Y,1,38,TRANSCEIVER,0,OSFP,3,3,3,N,N
1,1,NPU,0,CHENAB2_NIF,300,300,300,Y,Y,1,38,TRANSCEIVER,0,OSFP,4,4,4,N,N
1,1,NPU,0,CHENAB2_NIF,301,301,301,N,Y,1,38,TRANSCEIVER,0,OSFP,5,5,5,N,N
1,1,NPU,0,CHENAB2_NIF,302,302,302,N,Y,1,38,TRANSCEIVER,0,OSFP,6,6,6,N,N
1,1,NPU,0,CHENAB2_NIF,303,303,303,Y,Y,1,38,TRANSCEIVER,0,OSFP,7,7,7,N,N
1,1,NPU,0,CHENAB2_NIF,304,304,304,Y,N,1,39,TRANSCEIVER,0,OSFP,0,0,0,N,N
1,1,NPU,0,CHENAB2_NIF,305,305,305,N,N,1,39,TRANSCEIVER,0,OSFP,1,1,1,N,N
1,1,NPU,0,CHENAB2_NIF,306,306,306,N,N,1,39,TRANSCEIVER,0,OSFP,2,2,2,N,N
1,1,NPU,0,CHENAB2_NIF,307,307,307,N,N,1,39,TRANSCEIVER,0,OSFP,3,3,3,N,N
1,1,NPU,0,CHENAB2_NIF,308,308,308,Y,Y,1,39,TRANSCEIVER,0,OSFP,4,4,4,N,N
1,1,NPU,0,CHENAB2_NIF,309,309,309,N,Y,1,39,TRANSCEIVER,0,OSFP,5,5,5,N,N
1,1,NPU,0,CHENAB2_NIF,310,310,310,Y,Y,1,39,TRANSCEIVER,0,OSFP,6,6,6,N,N
1,1,NPU,0,CHENAB2_NIF,311,311,311,Y,Y,1,39,TRANSCEIVER,0,OSFP,7,7,7,N,N
1,1,NPU,0,CHENAB2_NIF,312,312,312,N,Y,1,40,TRANSCEIVER,0,OSFP,0,0,0,N,N
1,1,NPU,0,CHENAB2_NIF,313,313,313,N,N,1,40,TRANSCEIVER,0,OSFP,1,1,1,N,N
1,1,NPU,0,CHENAB2_NIF,314,314,314,Y,Y,1,40,TRANSCEIVER,0,OSFP,2,2,2,N,N
1,1,NPU,0,CHENAB2_NIF,315,315,315,Y,N,1,40,TRANSCEIVER,0,OSFP,3,3,3,N,N
1,1,NPU,0,CHENAB2_NIF,316,316,316,N,N,1,40,TRANSCEIVER,0,OSFP,4,4,4,N,N
1,1,NPU,0,CHENAB2_NIF,317,317,317,Y,Y,1,40,TRANSCEIVER,0,OSFP,5,5,5,N,N
1,1,NPU,0,CHENAB2_NIF,318,318,318,N,Y,1,40,TRANSCEIVER,0,OSFP,6,6,6,N,N
1,1,NPU,0,CHENAB2_NIF,319,319,319,Y,N,1,40,TRANSCEIVER,0,OSFP,7,7,7,N,N
1,1,NPU,0,CHENAB2_NIF,320,320,320,N,Y,1,41,TRANSCEIVER,0,OSFP,0,0,0,N,N
1,1,NPU,0,CHENAB2_NIF,321,321,321,N,Y,1,41,TRANSCEIVER,0,OSFP,1,1,1,N,N
1,1,NPU,0,CHENAB2_NIF,322,322,322,Y,N,1,41,TRANSCEIVER,0,OSFP,2,2,2,N,N
1,1,NPU,0,CHENAB2_NIF,323,323,323,N,Y,1,41,TRANSCEIVER,0,OSFP,3,3,3,N,N
1,1,NPU,0,CHENAB2_NIF,324,324,324,Y,N,1,41,TRANSCEIVER,0,OSFP,4,4,4,N,N
1,1,NPU,0,CHENAB2_NIF,325,325,325,Y,N,1,41,TRANSCEIVER,0,OSFP,5,5,5,N,N
1,1,NPU,0,CHENAB2_NIF,326,326,326,Y,N,1,41,TRANSCEIVER,0,OSFP,6,6,6,N,N
1,1,NPU,0,CHENAB2_NIF,327,327,327,N,Y,1,41,TRANSCEIVER,0,OSFP,7,7,7,N,N
1,1,NPU,0,CHENAB2_NIF,328,328,328,Y,N,1,42,TRANSCEIVER,0,OSFP,0,0,0,N,N
1,1,NPU,0,CHENAB2_NIF,329,329,329,Y,N,1,42,TRANSCEIVER,0,OSFP,1,1,1,N,N
1,1,NPU,0,CHENAB2_NIF,330,330,330,N,Y,1,42,TRANSCEIVER,0,OSFP,2,2,2,N,N
1,1,NPU,0,CHENAB2_NIF,331,331,331,N,Y,1,42,TRANSCEIVER,0,OSFP,3,3,3,N,N
1,1,NPU,0,CHENAB2_NIF,332,332,332,Y,Y,1,42,TRANSCEIVER,0,OSFP,4,4,4,N,N
1,1,NPU,0,CHENAB2_NIF,333,333,333,N,N,1,42,TRANSCEIVER,0,OSFP,5,5,5,N,N
1,1,NPU,0,CHENAB2_NIF,334,334,334,N,N,1,42,TRANSCEIVER,0,OSFP,6,6,6,N,N
1,1,NPU,0,CHENAB2_NIF,335,335,335,Y,Y,1,42,TRANSCEIVER,0,OSFP,7,7,7,N,N
1,1,NPU,0,CHENAB2_NIF,336,336,336,Y,Y,1,43,TRANSCEIVER,0,OSFP,0,0,0,N,N
1,1,NPU,0,CHENAB2_NIF,337,337,337,N,Y,1,43,TRANSCEIVER,0,OSFP,1,1,1,N,N
1,1,NPU,0,CHENAB2_NIF,338,338,338,N,Y,1,43,TRANSCEIVER,0,OSFP,2,2,2,N,N
1,1,NPU,0,CHENAB2_NIF,339,339,339,Y,Y,1,43,TRANSCEIVER,0,OSFP,3,3,3,N,N
1,1,NPU,0,CHENAB2_NIF,340,340,340,Y,N,1,43,TRANSCEIVER,0,OSFP,4,4,4,N,N
1,1,NPU,0,CHENAB2_NIF,341,341,341,N,N,1,43,TRANSCEIVER,0,OSFP,5,5,5,N,N
1,1,NPU,0,CHENAB2_NIF,342,342,342,Y,N,1,43,TRANSCEIVER,0,OSFP,6,6,6,N,N
1,1,NPU,0,CHENAB2_NIF,343,343,343,N,N,1,43,TRANSCEIVER,0,OSFP,7,7,7,N,N
1,1,NPU,0,CHENAB2_NIF,344,344,344,N,Y,1,44,TRANSCEIVER,0,OSFP,0,0,0,N,N
1,1,NPU,0,CHENAB2_NIF,345,345,345,Y,Y,1,44,TRANSCEIVER,0,OSFP,1,1,1,N,N
1,1,NPU,0,CHENAB2_NIF,346,346,346,Y,N,1,44,TRANSCEIVER,0,OSFP,2,2,2,N,N
1,1,NPU,0,CHENAB2_NIF,347,347,347,Y,Y,1,44,TRANSCEIVER,0,OSFP,3,3,3,N,N
1,1,NPU,0,CHENAB2_NIF,348,348,348,N,N,1,44,TRANSCEIVER,0,OSFP,4,4,4,N,N
1,1,NPU,0,CHENAB2_NIF,349,349,349,N,Y,1,44,TRANSCEIVER,0,OSFP,5,5,5,N,N
1,1,NPU,0,CHENAB2_NIF,350,350,350,N,N,1,44,TRANSCEIVER,0,OSFP,6,6,6,N,N
1,1,NPU,0,CHENAB2_NIF,351,351,351,Y,N,1,44,TRANSCEIVER,0,OSFP,7,7,7,N,N
1,1,NPU,0,CHENAB2_NIF,352,352,352,Y,N,1,45,TRANSCEIVER,0,OSFP,0,0,0,N,N
1,1,NPU,0,CHENAB2_NIF,353,353,353,Y,Y,1,45,TRANSCEIVER,0,OSFP,1,1,1,N,N
1,1,NPU,0,CHENAB2_NIF,354,354,354,Y,N,1,45,TRANSCEIVER,0,OSFP,2,2,2,N,N
1,1,NPU,0,CHENAB2_NIF,355,355,355,N,Y,1,45,TRANSCEIVER,0,OSFP,3,3,3,N,N
1,1,NPU,0,CHENAB2_NIF,356,356,356,N,Y,1,45,TRANSCEIVER,0,OSFP,4,4,4,N,N
1,1,NPU,0,CHENAB2_NIF,357,357,357,Y,N,1,45,TRANSCEIVER,0,OSFP,5,5,5,N,N
1,1,NPU,0,CHENAB2_NIF,358,358,358,N,N,1,45,TRANSCEIVER,0,OSFP,6,6,6,N,N
1,1,NPU,0,CHENAB2_NIF,359,359,359,N,Y,1,45,TRANSCEIVER,0,OSFP,7,7,7,N,N
1,1,NPU,0,CHENAB2_NIF,360,360,360,N,N,1,46,TRANSCEIVER,0,OSFP,0,0,0,N,N
1,1,NPU,0,CHENAB2_NIF,361,361,361,Y,N,1,46,TRANSCEIVER,0,OSFP,1,1,1,N,N
1,1,NPU,0,CHENAB2_NIF,362,362,362,N,N,1,46,TRANSCEIVER,0,OSFP,2,2,2,N,N
1,1,NPU,0,CHENAB2_NIF,363,363,363,Y,N,1,46,TRANSCEIVER,0,OSFP,3,3,3,N,N
1,1,NPU,0,CHENAB2_NIF,364,364,364,N,N,1,46,TRANSCEIVER,0,OSFP,4,4,4,N,N
1,1,NPU,0,CHENAB2_NIF,365,365,365,N,N,1,46,TRANSCEIVER,0,OSFP,5,5,5,N,N
1,1,NPU,0,CHENAB2_NIF,366,366,366,Y,N,1,46,TRANSCEIVER,0,OSFP,6,6,6,N,N
1,1,NPU,0,CHENAB2_NIF,367,367,367,Y,N,1,46,TRANSCEIVER,0,OSFP,7,7,7,N,N
1,1,NPU,0,CHENAB2_NIF,368,368,368,N,Y,1,47,TRANSCEIVER,0,OSFP,0,0,0,N,N
1,1,NPU,0,CHENAB2_NIF,369,369,369,Y,Y,1,47,TRANSCEIVER,0,OSFP,1,1,1,N,N
1,1,NPU,0,CHENAB2_NIF,370,370,370,Y,Y,1,47,TRANSCEIVER,0,OSFP,2,2,2,N,N
1,1,NPU,0,CHENAB2_NIF,371,371,371,Y,Y,1,47,TRANSCEIVER,0,OSFP,3,3,3,N,N
1,1,NPU,0,CHENAB2_NIF,372,372,372,N,N,1,47,TRANSCEIVER,0,OSFP,4,4,4,N,N
1,1,NPU,0,CHENAB2_NIF,373,373,373,Y,N,1,47,TRANSCEIVER,0,OSFP,5,5,5,N,N
1,1,NPU,0,CHENAB2_NIF,374,374,374,N,N,1,47,TRANSCEIVER,0,OSFP,6,6,6,N,N
1,1,NPU,0,CHENAB2_NIF,375,375,375,N,N,1,47,TRANSCEIVER,0,OSFP,7,7,7,N,N
1,1,NPU,0,CHENAB2_NIF,376,376,376,Y,N,1,48,TRANSCEIVER,0,OSFP,0,0,0,N,N
1,1,NPU,0,CHENAB2_NIF,377,377,377,Y,Y,1,48,TRANSCEIVER,0,OSFP,1,1,1,N,N
1,1,NPU,0,CHENAB2_NIF,378,378,378,N,N,1,48,TRANSCEIVER,0,OSFP,2,2,2,N,N
1,1,NPU,0,CHENAB2_NIF,379,379,379,N,Y,1,48,TRANSCEIVER,0,OSFP,3,3,3,N,N
1,1,NPU,0,CHENAB2_NIF,380,380,380,Y,N,1,48,TRANSCEIVER,0,OSFP,4,4,4,N,N
1,1,NPU,0,CHENAB2_NIF,381,381,381,N,Y,1,48,TRANSCEIVER,0,OSFP,5,5,5,N,N
1,1,NPU,0,CHENAB2_NIF,382,382,382,Y,N,1,48,TRANSCEIVER,0,OSFP,6,6,6,N,N
1,1,NPU,0,CHENAB2_NIF,383,383,383,N,Y,1,48,TRANSCEIVER,0,OSFP,7,7,7,N,N
1,1,NPU,0,CHENAB2_NIF,384,384,384,Y,N,1,49,TRANSCEIVER,0,OSFP,0,0,0,N,N
1,1,NPU,0,CHENAB2_NIF,385,385,385,Y,Y,1,49,TRANSCEIVER,0,OSFP,1,1,1,N,N
1,1,NPU,0,CHENAB2_NIF,386,386,386,N,N,1,49,TRANSCEIVER,0,OSFP,2,2,2,N,N
1,1,NPU,0,CHENAB2_NIF,387,387,387,Y,N,1,49,TRANSCEIVER,0,OSFP,3,3,3,N,N
1,1,NPU,0,CHENAB2_NIF,388,388,388,N,Y,1,49,TRANSCEIVER,0,OSFP,4,4,4,N,N
1,1,NPU,0,CHENAB2_NIF,389,389,389,Y,Y,1,49,TRANSCEIVER,0,OSFP,5,5,5,N,N
1,1,NPU,0,CHENAB2_NIF,390,390,390,N,N,1,49,TRANSCEIVER,0,OSFP,6,6,6,N,N
1,1,NPU,0,CHENAB2_NIF,391,391,391,N,Y,1,49,TRANSCEIVER,0,OSFP,7,7,7,N,N
1,1,NPU,0,CHENAB2_NIF,392,392,392,Y,Y,1,50,TRANSCEIVER,0,OSFP,0,0,0,N,N
1,1,NPU,0,CHENAB2_NIF,393,393,393,Y,N,1,50,TRANSCEIVER,0,OSFP,1,1,1,N,N
1,1,NPU,0,CHENAB2_NIF,394,394,394,N,Y,1,50,TRANSCEIVER,0,OSFP,2,2,2,N,N
1,1,NPU,0,CHENAB2_NIF,395,395,395,N,Y,1,50,TRANSCEIVER,0,OSFP,3,3,3,N,N
1,1,NPU,0,CHENAB2_NIF,396,396,396,Y,Y,1,50,TRANSCEIVER,0,OSFP,4,4,4,N,N
1,1,NPU,0,CHENAB2_NIF,397,397,397,N,N,1,50,TRANSCEIVER,0,OSFP,5,5,5,N,N
1,1,NPU,0,CHENAB2_NIF,398,398,398,Y,N,1,50,TRANSCEIVER,0,OSFP,6,6,6,N,N
1,1,NPU,0,CHENAB2_NIF,399,399,399,N,N,1,50,TRANSCEIVER,0,OSFP,7,7,7,N,N
1,1,NPU,0,CHENAB2_NIF,400,400,400,N,N,1,51,TRANSCEIVER,0,OSFP,0,0,0,N,N
1,1,NPU,0,CHENAB2_NIF,401,401,401,Y,N,1,51,TRANSCEIVER,0,OSFP,1,1,1,N,N
1,1,NPU,0,CHENAB2_NIF,402,402,402,N,N,1,51,TRANSCEIVER,0,OSFP,2,2,2,N,N
1,1,NPU,0,CHENAB2_NIF,403,403,403,N,N,1,51,TRANSCEIVER,0,OSFP,3,3,3,N,N
1,1,NPU,0,CHENAB2_NIF,404,404,404,Y,N,1,51,TRANSCEIVER,0,OSFP,4,4,4,N,N
1,1,NPU,0,CHENAB2_NIF,405,405,405,Y,N,1,51,TRANSCEIVER,0,OSFP,5,5,5,N,N
1,1,NPU,0,CHENAB2_NIF,406,406,406,N,N,1,51,TRANSCEIVER,0,OSFP,6,6,6,N,N
1,1,NPU,0,CHENAB2_NIF,407,407,407,Y,N,1,51,TRANSCEIVER,0,OSFP,7,7,7,N,N
1,1,NPU,0,CHENAB2_NIF,408,408,408,Y,N,1,52,TRANSCEIVER,0,OSFP,0,0,0,N,N
1,1,NPU,0,CHENAB2_NIF,409,409,409,N,Y,1,52,TRANSCEIVER,0,OSFP,1,1,1,N,N
1,1,NPU,0,CHENAB2_NIF,410,410,410,Y,N,1,52,TRANSCEIVER,0,OSFP,2,2,2,N,N
1,1,NPU,0,CHENAB2_NIF,411,411,411,Y,Y,1,52,TRANSCEIVER,0,OSFP,3,3,3,N,N
1,1,NPU,0,CHENAB2_NIF,412,412,412,N,N,1,52,TRANSCEIVER,0,OSFP,4,4,4,N,N
1,1,NPU,0,CHENAB2_NIF,413,413,413,Y,N,1,52,TRANSCEIVER,0,OSFP,5,5,5,N,N
1,1,NPU,0,CHENAB2_NIF,414,414,414,N,Y,1,52,TRANSCEIVER,0,OSFP,6,6,6,N,N
1,1,NPU,0,CHENAB2_NIF,415,415,415,N,Y,1,52,TRANSCEIVER,0,OSFP,7,7,7,N,N
1,1,NPU,0,CHENAB2_NIF,416,416,416,N,Y,1,53,TRANSCEIVER,0,OSFP,0,0,0,N,N
1,1,NPU,0,CHENAB2_NIF,417,417,417,Y,Y,1,53,TRANSCEIVER,0,OSFP,1,1,1,N,N
1,1,NPU,0,CHENAB2_NIF,418,418,418,Y,N,1,53,TRANSCEIVER,0,OSFP,2,2,2,N,N
1,1,NPU,0,CHENAB2_NIF,419,419,419,N,N,1,53,TRANSCEIVER,0,OSFP,3,3,3,N,N
1,1,NPU,0,CHENAB2_NIF,420,420,420,Y,N,1,53,TRANSCEIVER,0,OSFP,4,4,4,N,N
1,1,NPU,0,CHENAB2_NIF,421,421,421,N,Y,1,53,TRANSCEIVER,0,OSFP,5,5,5,N,N
1,1,NPU,0,CHENAB2_NIF,422,422,422,Y,N,1,53,TRANSCEIVER,0,OSFP,6,6,6,N,N
1,1,NPU,0,CHENAB2_NIF,423,423,423,N,Y,1,53,TRANSCEIVER,0,OSFP,7,7,7,N,N
1,1,NPU,0,CHENAB2_NIF,424,424,424,Y,Y,1,54,TRANSCEIVER,0,OSFP,0,0,0,N,N
1,1,NPU,0,CHENAB2_NIF,425,425,425,N,N,1,54,TRANSCEIVER,0,OSFP,1,1,1,N,N
1,1,NPU,0,CHENAB2_NIF,426,426,426,N,Y,1,54,TRANSCEIVER,0,OSFP,2,2,2,N,N
1,1,NPU,0,CHENAB2_NIF,427,427,427,Y,Y,1,54,TRANSCEIVER,0,OSFP,3,3,3,N,N
1,1,NPU,0,CHENAB2_NIF,428,428,428,Y,Y,1,54,TRANSCEIVER,0,OSFP,4,4,4,N,N
1,1,NPU,0,CHENAB2_NIF,429,429,429,Y,N,1,54,TRANSCEIVER,0,OSFP,5,5,5,N,N
1,1,NPU,0,CHENAB2_NIF,430,430,430,N,N,1,54,TRANSCEIVER,0,OSFP,6,6,6,N,N
1,1,NPU,0,CHENAB2_NIF,431,431,431,N,N,1,54,TRANSCEIVER,0,OSFP,7,7,7,N,N
1,1,NPU,0,CHENAB2_NIF,432,432,432,Y,N,1,55,TRANSCEIVER,0,OSFP,0,0,0,N,N
1,1,NPU,0,CHENAB2_NIF,433,433,433,Y,N,1,55,TRANSCEIVER,0,OSFP,1,1,1,N,N
1,1,NPU,0,CHENAB2_NIF,434,434,434,N,Y,1,55,TRANSCEIVER,0,OSFP,2,2,2,N,N
1,1,NPU,0,CHENAB2_NIF,435,435,435,Y,Y,1,55,TRANSCEIVER,0,OSFP,3,3,3,N,N
1,1,NPU,0,CHENAB2_NIF,436,436,436,N,N,1,55,TRANSCEIVER,0,OSFP,4,4,4,N,N
1,1,NPU,0,CHENAB2_NIF,437,437,437,N,Y,1,55,TRANSCEIVER,0,OSFP,5,5,5,N,N
1,1,NPU,0,CHENAB2_NIF,438,438,438,Y,N,1,55,TRANSCEIVER,0,OSFP,6,6,6,N,N
1,1,NPU,0,CHENAB2_NIF,439,439,439,N,Y,1,55,TRANSCEIVER,0,OSFP,7,7,7,N,N
1,1,NPU,0,CHENAB2_NIF,440,440,440,N,N,1,56,TRANSCEIVER,0,OSFP,0,0,0,N,N
1,1,NPU,0,CHENAB2_NIF,441,441,441,N,N,1,56,TRANSCEIVER,0,OSFP,1,1,1,N,N
1,1,NPU,0,CHENAB2_NIF,442,442,442,Y,N,1,56,TRANSCEIVER,0,OSFP,2,2,2,N,N
1,1,NPU,0,CHENAB2_NIF,443,443,443,Y,Y,1,56,TRANSCEIVER,0,OSFP,3,3,3,N,N
1,1,NPU,0,CHENAB2_NIF,444,444,444,Y,Y,1,56,TRANSCEIVER,0,OSFP,4,4,4,N,N
1,1,NPU,0,CHENAB2_NIF,445,445,445,N,Y,1,56,TRANSCEIVER,0,OSFP,5,5,5,N,N
1,1,NPU,0,CHENAB2_NIF,446,446,446,N,N,1,56,TRANSCEIVER,0,OSFP,6,6,6,N,N
1,1,NPU,0,CHENAB2_NIF,447,447,447,Y,Y,1,56,TRANSCEIVER,0,OSFP,7,7,7,N,N
1,1,NPU,0,CHENAB2_NIF,448,448,448,N,N,1,57,TRANSCEIVER,0,OSFP,0,0,0,N,N
1,1,NPU,0,CHENAB2_NIF,449,449,449,N,N,1,57,TRANSCEIVER,0,OSFP,1,1,1,N,N
1,1,NPU,0,CHENAB2_NIF,450,450,450,Y,Y,1,57,TRANSCEIVER,0,OSFP,2,2,2,N,N
1,1,NPU,0,CHENAB2_NIF,451,451,451,Y,Y,1,57,TRANSCEIVER,0,OSFP,3,3,3,N,N
1,1,NPU,0,CHENAB2_NIF,452,452,452,Y,N,1,57,TRANSCEIVER,0,OSFP,4,4,4,N,N
1,1,NPU,0,CHENAB2_NIF,453,453,453,N,Y,1,57,TRANSCEIVER,0,OSFP,5,5,5,N,N
1,1,NPU,0,CHENAB2_NIF,454,454,454,N,Y,1,57,TRANSCEIVER,0,OSFP,6,6,6,N,N
1,1,NPU,0,CHENAB2_NIF,455,455,455,Y,N,1,57,TRANSCEIVER,0,OSFP,7,7,7,N,N
1,1,NPU,0,CHENAB2_NIF,456,456,456,N,N,1,58,TRANSCEIVER,0,OSFP,0,0,0,N,N
1,1,NPU,0,CHENAB2_NIF,457,457,457,Y,Y,1,58,TRANSCEIVER,0,OSFP,1,1,1,N,N
1,1,NPU,0,CHENAB2_NIF,458,458,458,N,N,1,58,TRANSCEIVER,0,OSFP,2,2,2,N,N
1,1,NPU,0,CHENAB2_NIF,459,459,459,Y,N,1,58,TRANSCEIVER,0,OSFP,3,3,3,N,N
1,1,NPU,0,CHENAB2_NIF,460,460,460,N,N,1,58,TRANSCEIVER,0,OSFP,4,4,4,N,N
1,1,NPU,0,CHENAB2_NIF,461,461,461,Y,Y,1,58,TRANSCEIVER,0,OSFP,5,5,5,N,N
1,1,NPU,0,CHENAB2_NIF,462,462,462,N,Y,1,58,TRANSCEIVER,0,OSFP,6,6,6,N,N
1,1,NPU,0,CHENAB2_NIF,463,463,463,Y,Y,1,58,TRANSCEIVER,0,OSFP,7,7,7,N,N
1,1,NPU,0,CHENAB2_NIF,464,464,464,N,Y,1,59,TRANSCEIVER,0,OSFP,0,0,0,N,N
1,1,NPU,0,CHENAB2_NIF,465,465,465,N,Y,1,59,TRANSCEIVER,0,OSFP,1,1,1,N,N
1,1,NPU,0,CHENAB2_NIF,466,466,466,Y,Y,1,59,TRANSCEIVER,0,OSFP,2,2,2,N,N
1,1,NPU,0,CHENAB2_NIF,467,467,467,Y,Y,1,59,TRANSCEIVER,0,OSFP,3,3,3,N,N
1,1,NPU,0,CHENAB2_NIF,468,468,468,Y,Y,1,59,TRANSCEIVER,0,OSFP,4,4,4,N,N
1,1,NPU,0,CHENAB2_NIF,469,469,469,N,Y,1,59,TRANSCEIVER,0,OSFP,5,5,5,N,N
1,1,NPU,0,CHENAB2_NIF,470,470,470,N,Y,1,59,TRANSCEIVER,0,OSFP,6,6,6,N,N
1,1,NPU,0,CHENAB2_NIF,471,471,471,Y,Y,1,59,TRANSCEIVER,0,OSFP,7,7,7,N,N
1,1,NPU,0,CHENAB2_NIF,472,472,472,N,Y,1,60,TRANSCEIVER,0,OSFP,0,0,0,N,N
1,1,NPU,0,CHENAB2_NIF,473,473,473,N,N,1,60,TRANSCEIVER,0,OSFP,1,1,1,N,N
1,1,NPU,0,CHENAB2_NIF,474,474,474,Y,Y,1,60,TRANSCEIVER,0,OSFP,2,2,2,N,N
1,1,NPU,0,CHENAB2_NIF,475,475,475,Y,N,1,60,TRANSCEIVER,0,OSFP,3,3,3,N,N
1,1,NPU,0,CHENAB2_NIF,476,476,476,N,Y,1,60,TRANSCEIVER,0,OSFP,4,4,4,N,N
1,1,NPU,0,CHENAB2_NIF,477,477,477,Y,N,1,60,TRANSCEIVER,0,OSFP,5,5,5,N,N
1,1,NPU,0,CHENAB2_NIF,478,478,478,N,Y,1,60,TRANSCEIVER,0,OSFP,6,6,6,N,N
1,1,NPU,0,CHENAB2_NIF,479,479,479,Y,N,1,60,TRANSCEIVER,0,OSFP,7,7,7,N,N
1,1,NPU,0,CHENAB2_NIF,480,480,480,Y,N,1,61,TRANSCEIVER,0,OSFP,0,0,0,N,N
1,1,NPU,0,CHENAB2_NIF,481,481,481,N,N,1,61,TRANSCEIVER,0,OSFP,1,1,1,N,N
1,1,NPU,0,CHENAB2_NIF,482,482,482,N,Y,1,61,TRANSCEIVER,0,OSFP,2,2,2,N,N
1,1,NPU,0,CHENAB2_NIF,483,483,483,Y,Y,1,61,TRANSCEIVER,0,OSFP,3,3,3,N,N
1,1,NPU,0,CHENAB2_NIF,484,484,484,N,N,1,61,TRANSCEIVER,0,OSFP,4,4,4,N,N
1,1,NPU,0,CHENAB2_NIF,485,485,485,Y,Y,1,61,TRANSCEIVER,0,OSFP,5,5,5,N,N
1,1,NPU,0,CHENAB2_NIF,486,486,486,N,Y,1,61,TRANSCEIVER,0,OSFP,6,6,6,N,N
1,1,NPU,0,CHENAB2_NIF,487,487,487,Y,N,1,61,TRANSCEIVER,0,OSFP,7,7,7,N,N
1,1,NPU,0,CHENAB2_NIF,488,488,488,N,N,1,62,TRANSCEIVER,0,OSFP,0,0,0,N,N
1,1,NPU,0,CHENAB2_NIF,489,489,489,Y,Y,1,62,TRANSCEIVER,0,OSFP,1,1,1,N,N
1,1,NPU,0,CHENAB2_NIF,490,490,490,Y,N,1,62,TRANSCEIVER,0,OSFP,2,2,2,N,N
1,1,NPU,0,CHENAB2_NIF,491,491,491,N,N,1,62,TRANSCEIVER,0,OSFP,3,3,3,N,N
1,1,NPU,0,CHENAB2_NIF,492,492,492,N,N,1,62,TRANSCEIVER,0,OSFP,4,4,4,N,N
1,1,NPU,0,CHENAB2_NIF,493,493,493,Y,Y,1,62,TRANSCEIVER,0,OSFP,5,5,5,N,N
1,1,NPU,0,CHENAB2_NIF,494,494,494,N,Y,1,62,TRANSCEIVER,0,OSFP,6,6,6,N,N
1,1,NPU,0,CHENAB2_NIF,495,495,495,Y,Y,1,62,TRANSCEIVER,0,OSFP,7,7,7,N,N
1,1,NPU,0,CHENAB2_NIF,496,496,496,Y,Y,1,63,TRANSCEIVER,0,OSFP,0,0,0,N,N
1,1,NPU,0,CHENAB2_NIF,497,497,497,N,N,1,63,TRANSCEIVER,0,OSFP,1,1,1,N,N
1,1,NPU,0,CHENAB2_NIF,498,498,498,N,N,1,63,TRANSCEIVER,0,OSFP,2,2,2,N,N
1,1,NPU,0,CHENAB2_NIF,499,499,499,Y,Y,1,63,TRANSCEIVER,0,OSFP,3,3,3,N,N
1,1,NPU,0,CHENAB2_NIF,500,500,500,Y,Y,1,63,TRANSCEIVER,0,OSFP,4,4,4,N,N
1,1,NPU,0,CHENAB2_NIF,501,501,501,Y,N,1,63,TRANSCEIVER,0,OSFP,5,5,5,N,N
1,1,NPU,0,CHENAB2_NIF,502,502,502,N,Y,1,63,TRANSCEIVER,0,OSFP,6,6,6,N,N
1,1,NPU,0,CHENAB2_NIF,503,503,503,N,N,1,63,TRANSCEIVER,0,OSFP,7,7,7,N,N
1,1,NPU,0,CHENAB2_NIF,504,504,504,Y,Y,1,64,TRANSCEIVER,0,OSFP,0,0,0,N,N
1,1,NPU,0,CHENAB2_NIF,505,505,505,Y,N,1,64,TRANSCEIVER,0,OSFP,1,1,1,N,N
1,1,NPU,0,CHENAB2_NIF,506,506,506,N,N,1,64,TRANSCEIVER,0,OSFP,2,2,2,N,N
1,1,NPU,0,CHENAB2_NIF,507,507,507,N,N,1,64,TRANSCEIVER,0,OSFP,3,3,3,N,N
1,1,NPU,0,CHENAB2_NIF,508,508,508,Y,Y,1,64,TRANSCEIVER,0,OSFP,4,4,4,N,N
1,1,NPU,0,CHENAB2_NIF,509,509,509,N,Y,1,64,TRANSCEIVER,0,OSFP,5,5,5,N,N
1,1,NPU,0,CHENAB2_NIF,510,510,510,Y,Y,1,64,TRANSCEIVER,0,OSFP,6,6,6,N,N
1,1,NPU,0,CHENAB2_NIF,511,511,511,N,N,1,64,TRANSCEIVER,0,OSFP,7,7,7,N,N
1,1,NPU,0,CHENAB2_NIF,512,512,512,N,N,1,65,TRANSCEIVER,0,OSFP,0,0,0,N,N
1,1,NPU,0,CHENAB2_NIF,513,513,513,N,N,1,65,TRANSCEIVER,0,OSFP,1,1,1,N,N
1,1,NPU,0,CHENAB2_NIF,514,514,514,N,N,1,65,TRANSCEIVER,0,OSFP,2,2,2,N,N
1,1,NPU,0,CHENAB2_NIF,515,515,515,N,N,1,65,TRANSCEIVER,0,OSFP,3,3,3,N,N
